/*******************************************************************************
 * Size: 22 px
 * Bpp: 8
 * Opts: --font /fonts/MiSans-Regular.ttf -o /fonts/misan_22_data.c --size 22 --bpp 8 --format lvgl --no-compress --symbols 关于步进电机压流旋转方向驱动类型细分数舵脉冲宽度控制配置 --range 0x20-0x7F
 ******************************************************************************/

#ifdef __has_include
    #if __has_include("lvgl.h")
        #ifndef LV_LVGL_H_INCLUDE_SIMPLE
            #define LV_LVGL_H_INCLUDE_SIMPLE
        #endif
    #endif
#endif

#ifdef LV_LVGL_H_INCLUDE_SIMPLE
    #include "lvgl.h"
#else
    #include "lvgl/lvgl.h"
#endif



#ifndef MISAN_22_DATA
#define MISAN_22_DATA 1
#endif

#if MISAN_22_DATA

/*-----------------
 *    BITMAPS
 *----------------*/

/*Store the image of the glyphs*/
static LV_ATTRIBUTE_LARGE_CONST const uint8_t glyph_bitmap[] = {
    /* U+0020 " " */

    /* U+0021 "!" */
    0x25, 0xff, 0xff, 0x08, 0x1e, 0xff, 0xff, 0x01,
    0x17, 0xff, 0xfa, 0x00, 0x10, 0xff, 0xf3, 0x00,
    0x0a, 0xff, 0xed, 0x00, 0x03, 0xff, 0xe6, 0x00,
    0x00, 0xfc, 0xdf, 0x00, 0x00, 0xf5, 0xd8, 0x00,
    0x00, 0xee, 0xd1, 0x00, 0x00, 0xe8, 0xcb, 0x00,
    0x00, 0xe1, 0xc4, 0x00, 0x00, 0xab, 0x94, 0x00,
    0x00, 0x00, 0x00, 0x00, 0x00, 0x00, 0x00, 0x00,
    0x10, 0x50, 0x50, 0x07, 0x34, 0xff, 0xff, 0x18,
    0x34, 0xff, 0xff, 0x18,

    /* U+0022 "\"" */
    0x9a, 0xa0, 0x17, 0x6d, 0xa0, 0x44, 0xe7, 0xff,
    0x16, 0xa2, 0xff, 0x5d, 0xd3, 0xff, 0x04, 0x92,
    0xff, 0x4a, 0xc0, 0xf1, 0x00, 0x81, 0xff, 0x37,
    0xad, 0xdf, 0x00, 0x71, 0xff, 0x24, 0x9a, 0xcd,
    0x00, 0x60, 0xff, 0x11,

    /* U+0023 "#" */
    0x00, 0x00, 0x00, 0x00, 0x00, 0x51, 0xff, 0x66,
    0x00, 0x00, 0x18, 0xff, 0x9e, 0x00, 0x00, 0x00,
    0x00, 0x00, 0x00, 0x00, 0x83, 0xff, 0x35, 0x00,
    0x00, 0x4b, 0xff, 0x6d, 0x00, 0x00, 0x00, 0x00,
    0x00, 0x00, 0x00, 0xb4, 0xfb, 0x08, 0x00, 0x00,
    0x7c, 0xff, 0x3b, 0x00, 0x00, 0x00, 0x00, 0x00,
    0x00, 0x00, 0xe6, 0xd2, 0x00, 0x00, 0x00, 0xae,
    0xfd, 0x0c, 0x00, 0x00, 0x00, 0x00, 0x00, 0x00,
    0x17, 0xff, 0xa0, 0x00, 0x00, 0x00, 0xdf, 0xd8,
    0x00, 0x00, 0x00, 0x00, 0x60, 0xff, 0xff, 0xff,
    0xff, 0xff, 0xff, 0xff, 0xff, 0xff, 0xff, 0xff,
    0xff, 0x2c, 0x00, 0x3d, 0xa4, 0xa4, 0xd7, 0xff,
    0xb2, 0xa4, 0xa4, 0xc3, 0xff, 0xc7, 0xa4, 0xa4,
    0x1c, 0x00, 0x00, 0x00, 0x00, 0xb4, 0xfa, 0x08,
    0x00, 0x00, 0x7c, 0xff, 0x3b, 0x00, 0x00, 0x00,
    0x00, 0x00, 0x00, 0x00, 0xeb, 0xcc, 0x00, 0x00,
    0x00, 0xb4, 0xfa, 0x09, 0x00, 0x00, 0x00, 0x00,
    0x00, 0x00, 0x24, 0xff, 0x94, 0x00, 0x00, 0x00,
    0xeb, 0xcc, 0x00, 0x00, 0x00, 0x00, 0x0c, 0xa0,
    0xa0, 0xbb, 0xff, 0xc9, 0xa0, 0xa0, 0xa6, 0xff,
    0xde, 0xa0, 0xa0, 0x4b, 0x00, 0x14, 0xff, 0xff,
    0xff, 0xff, 0xff, 0xff, 0xff, 0xff, 0xff, 0xff,
    0xff, 0xff, 0x78, 0x00, 0x00, 0x00, 0x00, 0xc1,
    0xf4, 0x02, 0x00, 0x00, 0x89, 0xff, 0x2e, 0x00,
    0x00, 0x00, 0x00, 0x00, 0x00, 0x01, 0xf1, 0xc5,
    0x00, 0x00, 0x00, 0xbb, 0xf8, 0x04, 0x00, 0x00,
    0x00, 0x00, 0x00, 0x00, 0x24, 0xff, 0x93, 0x00,
    0x00, 0x00, 0xec, 0xcb, 0x00, 0x00, 0x00, 0x00,
    0x00, 0x00, 0x00, 0x56, 0xff, 0x62, 0x00, 0x00,
    0x1e, 0xff, 0x9a, 0x00, 0x00, 0x00, 0x00, 0x00,
    0x00, 0x00, 0x87, 0xff, 0x30, 0x00, 0x00, 0x4f,
    0xff, 0x68, 0x00, 0x00, 0x00, 0x00, 0x00,

    /* U+0024 "$" */
    0x00, 0x00, 0x00, 0x00, 0x00, 0x58, 0xff, 0x88,
    0x00, 0x00, 0x00, 0x00, 0x00, 0x00, 0x00, 0x00,
    0x00, 0x00, 0x5d, 0xff, 0x8b, 0x00, 0x00, 0x00,
    0x00, 0x00, 0x00, 0x00, 0x02, 0x6e, 0xce, 0xfe,
    0xff, 0xff, 0xd9, 0x73, 0x06, 0x00, 0x00, 0x00,
    0x0a, 0xc1, 0xff, 0xfb, 0xde, 0xff, 0xeb, 0xfc,
    0xff, 0xc5, 0x10, 0x00, 0x00, 0x89, 0xff, 0xca,
    0x1e, 0x58, 0xff, 0x88, 0x21, 0xbf, 0xff, 0x97,
    0x00, 0x00, 0xe1, 0xff, 0x27, 0x00, 0x58, 0xff,
    0x88, 0x00, 0x07, 0x7e, 0x0d, 0x00, 0x00, 0xf4,
    0xfe, 0x07, 0x00, 0x58, 0xff, 0x88, 0x00, 0x00,
    0x00, 0x00, 0x00, 0x00, 0xd0, 0xff, 0x60, 0x00,
    0x58, 0xff, 0x88, 0x00, 0x00, 0x00, 0x00, 0x00,
    0x00, 0x5d, 0xff, 0xfc, 0x93, 0x7b, 0xff, 0x88,
    0x00, 0x00, 0x00, 0x00, 0x00, 0x00, 0x00, 0x6a,
    0xf4, 0xff, 0xff, 0xff, 0xc2, 0x41, 0x01, 0x00,
    0x00, 0x00, 0x00, 0x00, 0x00, 0x11, 0x6d, 0xce,
    0xff, 0xff, 0xff, 0xdb, 0x4c, 0x00, 0x00, 0x00,
    0x00, 0x00, 0x00, 0x00, 0x58, 0xff, 0xbe, 0xc6,
    0xff, 0xfe, 0x50, 0x00, 0x00, 0x00, 0x00, 0x00,
    0x00, 0x58, 0xff, 0x88, 0x00, 0x85, 0xff, 0xd6,
    0x00, 0x00, 0x00, 0x00, 0x00, 0x00, 0x58, 0xff,
    0x88, 0x00, 0x06, 0xfa, 0xfe, 0x06, 0x00, 0x2d,
    0x2c, 0x00, 0x00, 0x58, 0xff, 0x88, 0x00, 0x0a,
    0xfd, 0xfb, 0x02, 0x25, 0xf8, 0xe2, 0x34, 0x00,
    0x58, 0xff, 0x88, 0x01, 0x8f, 0xff, 0xba, 0x00,
    0x00, 0x84, 0xff, 0xfd, 0xb4, 0xa8, 0xff, 0xc9,
    0xcd, 0xff, 0xf2, 0x2e, 0x00, 0x00, 0x00, 0x53,
    0xd6, 0xff, 0xff, 0xff, 0xff, 0xfe, 0xbb, 0x22,
    0x00, 0x00, 0x00, 0x00, 0x00, 0x00, 0x2e, 0x91,
    0xff, 0xa9, 0x15, 0x00, 0x00, 0x00, 0x00, 0x00,
    0x00, 0x00, 0x00, 0x00, 0x58, 0xff, 0x88, 0x00,
    0x00, 0x00, 0x00, 0x00,

    /* U+0025 "%" */
    0x00, 0x0d, 0x94, 0xe7, 0xf4, 0xbd, 0x35, 0x00,
    0x00, 0x00, 0x00, 0x00, 0x00, 0x89, 0xff, 0x9b,
    0x00, 0x00, 0x04, 0xc8, 0xff, 0xb8, 0x9e, 0xed,
    0xf8, 0x31, 0x00, 0x00, 0x00, 0x00, 0x3b, 0xfd,
    0xde, 0x0c, 0x00, 0x00, 0x59, 0xff, 0x7e, 0x00,
    0x00, 0x24, 0xf5, 0xb4, 0x00, 0x00, 0x00, 0x0c,
    0xdc, 0xfd, 0x3c, 0x00, 0x00, 0x00, 0x98, 0xff,
    0x0d, 0x00, 0x00, 0x00, 0xa8, 0xf4, 0x00, 0x00,
    0x00, 0x9a, 0xff, 0x89, 0x00, 0x00, 0x00, 0x00,
    0xa3, 0xfa, 0x02, 0x00, 0x00, 0x00, 0x99, 0xfc,
    0x02, 0x00, 0x4a, 0xff, 0xd2, 0x06, 0x00, 0x00,
    0x00, 0x00, 0x7a, 0xff, 0x3d, 0x00, 0x00, 0x03,
    0xd6, 0xd5, 0x00, 0x13, 0xe7, 0xf9, 0x2e, 0x00,
    0x00, 0x00, 0x00, 0x00, 0x1c, 0xf2, 0xe0, 0x4f,
    0x35, 0xa5, 0xff, 0x6a, 0x00, 0xaa, 0xff, 0x77,
    0x00, 0x00, 0x00, 0x00, 0x00, 0x00, 0x00, 0x43,
    0xe8, 0xff, 0xff, 0xfb, 0x8b, 0x01, 0x5c, 0xff,
    0xc3, 0x02, 0x00, 0x00, 0x00, 0x00, 0x00, 0x00,
    0x00, 0x00, 0x06, 0x3d, 0x49, 0x19, 0x00, 0x1c,
    0xef, 0xf3, 0x22, 0x00, 0x00, 0x00, 0x00, 0x00,
    0x00, 0x00, 0x00, 0x00, 0x00, 0x00, 0x00, 0x00,
    0x01, 0xbb, 0xff, 0x64, 0x00, 0x02, 0x45, 0x78,
    0x70, 0x28, 0x00, 0x00, 0x00, 0x00, 0x00, 0x00,
    0x00, 0x00, 0x6d, 0xff, 0xb4, 0x00, 0x0c, 0xc0,
    0xff, 0xff, 0xff, 0xfe, 0x7f, 0x00, 0x00, 0x00,
    0x00, 0x00, 0x00, 0x27, 0xf6, 0xeb, 0x18, 0x00,
    0x93, 0xff, 0x7a, 0x11, 0x20, 0xb2, 0xff, 0x43,
    0x00, 0x00, 0x00, 0x00, 0x04, 0xc9, 0xff, 0x53,
    0x00, 0x00, 0xeb, 0xc3, 0x00, 0x00, 0x00, 0x0d,
    0xfb, 0x9a, 0x00, 0x00, 0x00, 0x00, 0x7f, 0xff,
    0xa2, 0x00, 0x00, 0x00, 0xf9, 0xa9, 0x00, 0x00,
    0x00, 0x00, 0xee, 0xa9, 0x00, 0x00, 0x00, 0x33,
    0xfb, 0xe2, 0x0f, 0x00, 0x00, 0x00, 0xc9, 0xeb,
    0x15, 0x00, 0x00, 0x47, 0xff, 0x78, 0x00, 0x00,
    0x08, 0xd6, 0xfe, 0x42, 0x00, 0x00, 0x00, 0x00,
    0x46, 0xfd, 0xe4, 0x90, 0x9f, 0xf8, 0xe2, 0x12,
    0x00, 0x00, 0x90, 0xff, 0x90, 0x00, 0x00, 0x00,
    0x00, 0x00, 0x00, 0x44, 0xc4, 0xf5, 0xed, 0xa6,
    0x1c, 0x00,

    /* U+0026 "&" */
    0x00, 0x00, 0x00, 0x14, 0x93, 0xe1, 0xf8, 0xdd,
    0x7e, 0x06, 0x00, 0x00, 0x00, 0x00, 0x00, 0x00,
    0x00, 0x16, 0xe0, 0xff, 0xe8, 0xc4, 0xf3, 0xff,
    0xb4, 0x00, 0x00, 0x00, 0x00, 0x00, 0x00, 0x00,
    0x97, 0xff, 0xa9, 0x08, 0x00, 0x1b, 0xe2, 0xff,
    0x43, 0x00, 0x00, 0x00, 0x00, 0x00, 0x00, 0xdd,
    0xff, 0x18, 0x00, 0x00, 0x00, 0x7b, 0xff, 0x75,
    0x00, 0x00, 0x00, 0x00, 0x00, 0x00, 0xe5, 0xfe,
    0x06, 0x00, 0x00, 0x00, 0x88, 0xff, 0x6b, 0x00,
    0x00, 0x00, 0x00, 0x00, 0x00, 0xae, 0xff, 0x5f,
    0x00, 0x00, 0x2d, 0xf0, 0xfc, 0x24, 0x00, 0x00,
    0x00, 0x00, 0x00, 0x00, 0x32, 0xfc, 0xf0, 0x3f,
    0x87, 0xf8, 0xfb, 0x65, 0x00, 0x00, 0x00, 0x00,
    0x00, 0x00, 0x00, 0x00, 0x92, 0xff, 0xff, 0xff,
    0xce, 0x3b, 0x00, 0x00, 0x00, 0x00, 0x00, 0x00,
    0x00, 0x0e, 0xa0, 0xfe, 0xff, 0xff, 0xe9, 0x13,
    0x00, 0x00, 0x00, 0x04, 0x00, 0x00, 0x00, 0x0f,
    0xd2, 0xff, 0xc9, 0x3c, 0xa9, 0xff, 0xc5, 0x0a,
    0x00, 0x00, 0x73, 0xdc, 0x3b, 0x00, 0x8b, 0xff,
    0xa8, 0x04, 0x00, 0x06, 0xbd, 0xff, 0xb6, 0x04,
    0x02, 0xd6, 0xfb, 0x17, 0x00, 0xd6, 0xff, 0x16,
    0x00, 0x00, 0x00, 0x0d, 0xcd, 0xff, 0xa3, 0x66,
    0xff, 0xaa, 0x00, 0x00, 0xf3, 0xf5, 0x00, 0x00,
    0x00, 0x00, 0x00, 0x16, 0xdc, 0xff, 0xfc, 0xf5,
    0x21, 0x00, 0x00, 0xd8, 0xff, 0x33, 0x00, 0x00,
    0x00, 0x00, 0x00, 0x3f, 0xff, 0xff, 0xa6, 0x00,
    0x00, 0x00, 0x7c, 0xff, 0xd6, 0x23, 0x00, 0x00,
    0x04, 0x5c, 0xe9, 0xff, 0xfb, 0xfd, 0x4d, 0x00,
    0x00, 0x06, 0xbd, 0xff, 0xfc, 0xca, 0xc2, 0xee,
    0xff, 0xf6, 0x6a, 0x55, 0xff, 0xf2, 0x2b, 0x00,
    0x00, 0x03, 0x6d, 0xcc, 0xf3, 0xf3, 0xd0, 0x86,
    0x19, 0x00, 0x00, 0x94, 0xff, 0xde, 0x13,

    /* U+0027 "'" */
    0x9a, 0xa0, 0x17, 0xe8, 0xff, 0x15, 0xd7, 0xfe,
    0x04, 0xc5, 0xef, 0x00, 0xb3, 0xdc, 0x00, 0xa1,
    0xc9, 0x00,

    /* U+0028 "(" */
    0x00, 0x00, 0x0c, 0xed, 0xd7, 0x02, 0x00, 0x00,
    0x77, 0xff, 0x5e, 0x00, 0x00, 0x02, 0xe6, 0xe7,
    0x04, 0x00, 0x00, 0x40, 0xff, 0x95, 0x00, 0x00,
    0x00, 0x93, 0xff, 0x41, 0x00, 0x00, 0x00, 0xd3,
    0xfa, 0x07, 0x00, 0x00, 0x0a, 0xfc, 0xce, 0x00,
    0x00, 0x00, 0x34, 0xff, 0x9f, 0x00, 0x00, 0x00,
    0x4a, 0xff, 0x8a, 0x00, 0x00, 0x00, 0x5b, 0xff,
    0x78, 0x00, 0x00, 0x00, 0x5b, 0xff, 0x79, 0x00,
    0x00, 0x00, 0x4a, 0xff, 0x8b, 0x00, 0x00, 0x00,
    0x34, 0xff, 0xa2, 0x00, 0x00, 0x00, 0x09, 0xfc,
    0xd2, 0x00, 0x00, 0x00, 0x00, 0xd3, 0xfc, 0x09,
    0x00, 0x00, 0x00, 0x93, 0xff, 0x47, 0x00, 0x00,
    0x00, 0x40, 0xff, 0x9b, 0x00, 0x00, 0x00, 0x02,
    0xe6, 0xeb, 0x06, 0x00, 0x00, 0x00, 0x77, 0xff,
    0x62, 0x00, 0x00, 0x00, 0x0d, 0xed, 0xd8, 0x02,

    /* U+0029 ")" */
    0x17, 0xf7, 0xc6, 0x00, 0x00, 0x00, 0x00, 0x93,
    0xff, 0x46, 0x00, 0x00, 0x00, 0x21, 0xff, 0xba,
    0x00, 0x00, 0x00, 0x00, 0xca, 0xfc, 0x14, 0x00,
    0x00, 0x00, 0x76, 0xff, 0x64, 0x00, 0x00, 0x00,
    0x36, 0xff, 0xa2, 0x00, 0x00, 0x00, 0x08, 0xfb,
    0xd4, 0x00, 0x00, 0x00, 0x00, 0xd4, 0xfc, 0x04,
    0x00, 0x00, 0x00, 0xbf, 0xff, 0x16, 0x00, 0x00,
    0x00, 0xac, 0xff, 0x27, 0x00, 0x00, 0x00, 0xad,
    0xff, 0x26, 0x00, 0x00, 0x00, 0xbf, 0xff, 0x15,
    0x00, 0x00, 0x00, 0xd5, 0xfc, 0x04, 0x00, 0x00,
    0x08, 0xfb, 0xd4, 0x00, 0x00, 0x00, 0x36, 0xff,
    0xa2, 0x00, 0x00, 0x00, 0x76, 0xff, 0x64, 0x00,
    0x00, 0x00, 0xca, 0xfc, 0x14, 0x00, 0x00, 0x21,
    0xff, 0xba, 0x00, 0x00, 0x00, 0x93, 0xff, 0x46,
    0x00, 0x00, 0x17, 0xf6, 0xc7, 0x00, 0x00, 0x00,

    /* U+002A "*" */
    0x00, 0x00, 0x00, 0xca, 0xa1, 0x00, 0x00, 0x00,
    0x05, 0xb9, 0x44, 0xbe, 0x95, 0x5e, 0xa2, 0x00,
    0x1a, 0xbc, 0xff, 0xf4, 0xf4, 0xfd, 0xa5, 0x07,
    0x00, 0x1b, 0xc5, 0xff, 0xff, 0xa5, 0x0e, 0x00,
    0x1f, 0xf7, 0xe0, 0xdc, 0xce, 0xee, 0xe4, 0x07,
    0x00, 0x62, 0x0b, 0xc2, 0x99, 0x18, 0x54, 0x00,
    0x00, 0x00, 0x00, 0x85, 0x6b, 0x00, 0x00, 0x00,

    /* U+002B "+" */
    0x00, 0x00, 0x00, 0x00, 0x29, 0xf4, 0xa0, 0x00,
    0x00, 0x00, 0x00, 0x00, 0x00, 0x00, 0x00, 0x2c,
    0xff, 0xa8, 0x00, 0x00, 0x00, 0x00, 0x00, 0x00,
    0x00, 0x00, 0x2c, 0xff, 0xa8, 0x00, 0x00, 0x00,
    0x00, 0x00, 0x00, 0x00, 0x00, 0x2c, 0xff, 0xa8,
    0x00, 0x00, 0x00, 0x00, 0x3c, 0xff, 0xff, 0xff,
    0xff, 0xff, 0xff, 0xff, 0xff, 0xff, 0xb4, 0x2a,
    0xb4, 0xb4, 0xb4, 0xc1, 0xff, 0xe5, 0xb4, 0xb4,
    0xb4, 0x7e, 0x00, 0x00, 0x00, 0x00, 0x2c, 0xff,
    0xa8, 0x00, 0x00, 0x00, 0x00, 0x00, 0x00, 0x00,
    0x00, 0x2c, 0xff, 0xa8, 0x00, 0x00, 0x00, 0x00,
    0x00, 0x00, 0x00, 0x00, 0x2c, 0xff, 0xa8, 0x00,
    0x00, 0x00, 0x00, 0x00, 0x00, 0x00, 0x00, 0x2c,
    0xff, 0xa8, 0x00, 0x00, 0x00, 0x00,

    /* U+002C "," */
    0x0d, 0x50, 0x50, 0x08, 0x2c, 0xff, 0xff, 0x1c,
    0x2c, 0xff, 0xff, 0x1c, 0x00, 0x04, 0xf9, 0x0b,
    0x00, 0x6b, 0xc6, 0x00, 0x4c, 0xe6, 0x29, 0x00,
    0x07, 0x12, 0x00, 0x00,

    /* U+002D "-" */
    0x0e, 0xb8, 0xb8, 0xb8, 0xb8, 0xb8, 0xb8, 0x8a,
    0x14, 0xff, 0xff, 0xff, 0xff, 0xff, 0xff, 0xc0,

    /* U+002E "." */
    0x21, 0x50, 0x46, 0x6c, 0xff, 0xe0, 0x6c, 0xff,
    0xe0,

    /* U+002F "/" */
    0x00, 0x00, 0x00, 0x00, 0x00, 0x1f, 0xff, 0xc8,
    0x00, 0x00, 0x00, 0x00, 0x00, 0x6e, 0xff, 0x7a,
    0x00, 0x00, 0x00, 0x00, 0x00, 0xbc, 0xff, 0x2c,
    0x00, 0x00, 0x00, 0x00, 0x0f, 0xfa, 0xde, 0x00,
    0x00, 0x00, 0x00, 0x00, 0x58, 0xff, 0x90, 0x00,
    0x00, 0x00, 0x00, 0x00, 0xa6, 0xff, 0x42, 0x00,
    0x00, 0x00, 0x00, 0x04, 0xef, 0xef, 0x04, 0x00,
    0x00, 0x00, 0x00, 0x42, 0xff, 0xa6, 0x00, 0x00,
    0x00, 0x00, 0x00, 0x90, 0xff, 0x57, 0x00, 0x00,
    0x00, 0x00, 0x00, 0xde, 0xfa, 0x0f, 0x00, 0x00,
    0x00, 0x00, 0x2d, 0xff, 0xbb, 0x00, 0x00, 0x00,
    0x00, 0x00, 0x7b, 0xff, 0x6d, 0x00, 0x00, 0x00,
    0x00, 0x00, 0xc9, 0xff, 0x1f, 0x00, 0x00, 0x00,
    0x00, 0x18, 0xfe, 0xd1, 0x00, 0x00, 0x00, 0x00,
    0x00, 0x65, 0xff, 0x83, 0x00, 0x00, 0x00, 0x00,
    0x00, 0xb3, 0xff, 0x35, 0x00, 0x00, 0x00, 0x00,
    0x0a, 0xf6, 0xe5, 0x01, 0x00, 0x00, 0x00, 0x00,

    /* U+0030 "0" */
    0x00, 0x00, 0x00, 0x57, 0xc4, 0xf2, 0xf0, 0xc0,
    0x50, 0x00, 0x00, 0x00, 0x00, 0x00, 0x8d, 0xff,
    0xff, 0xd5, 0xd8, 0xff, 0xff, 0x7e, 0x00, 0x00,
    0x00, 0x50, 0xff, 0xe9, 0x36, 0x00, 0x00, 0x3e,
    0xee, 0xff, 0x40, 0x00, 0x00, 0xd1, 0xff, 0x52,
    0x00, 0x00, 0x00, 0x00, 0x5e, 0xff, 0xbf, 0x00,
    0x26, 0xff, 0xdf, 0x01, 0x00, 0x00, 0x00, 0x00,
    0x04, 0xe9, 0xfd, 0x18, 0x60, 0xff, 0x9b, 0x00,
    0x00, 0x00, 0x00, 0x00, 0x00, 0xa8, 0xff, 0x4f,
    0x87, 0xff, 0x73, 0x00, 0x00, 0x00, 0x00, 0x00,
    0x00, 0x80, 0xff, 0x76, 0x99, 0xff, 0x5d, 0x00,
    0x00, 0x00, 0x00, 0x00, 0x00, 0x6b, 0xff, 0x87,
    0xa1, 0xff, 0x56, 0x00, 0x00, 0x00, 0x00, 0x00,
    0x00, 0x63, 0xff, 0x90, 0x99, 0xff, 0x5d, 0x00,
    0x00, 0x00, 0x00, 0x00, 0x00, 0x6b, 0xff, 0x87,
    0x87, 0xff, 0x73, 0x00, 0x00, 0x00, 0x00, 0x00,
    0x00, 0x80, 0xff, 0x76, 0x60, 0xff, 0x9b, 0x00,
    0x00, 0x00, 0x00, 0x00, 0x00, 0xa8, 0xff, 0x4f,
    0x26, 0xff, 0xdf, 0x01, 0x00, 0x00, 0x00, 0x00,
    0x04, 0xe9, 0xfe, 0x18, 0x00, 0xd2, 0xff, 0x52,
    0x00, 0x00, 0x00, 0x00, 0x5e, 0xff, 0xc0, 0x00,
    0x00, 0x52, 0xff, 0xe9, 0x36, 0x00, 0x00, 0x3e,
    0xee, 0xff, 0x42, 0x00, 0x00, 0x00, 0x90, 0xff,
    0xff, 0xd4, 0xd7, 0xff, 0xff, 0x81, 0x00, 0x00,
    0x00, 0x00, 0x00, 0x59, 0xc6, 0xf3, 0xf2, 0xc2,
    0x51, 0x00, 0x00, 0x00,

    /* U+0031 "1" */
    0x00, 0x00, 0x4b, 0xd0, 0xff, 0x44, 0x3e, 0xc4,
    0xff, 0xff, 0xff, 0x44, 0xe8, 0xff, 0xb9, 0xc5,
    0xff, 0x44, 0xb0, 0x40, 0x00, 0xa4, 0xff, 0x44,
    0x00, 0x00, 0x00, 0xa4, 0xff, 0x44, 0x00, 0x00,
    0x00, 0xa4, 0xff, 0x44, 0x00, 0x00, 0x00, 0xa4,
    0xff, 0x44, 0x00, 0x00, 0x00, 0xa4, 0xff, 0x44,
    0x00, 0x00, 0x00, 0xa4, 0xff, 0x44, 0x00, 0x00,
    0x00, 0xa4, 0xff, 0x44, 0x00, 0x00, 0x00, 0xa4,
    0xff, 0x44, 0x00, 0x00, 0x00, 0xa4, 0xff, 0x44,
    0x00, 0x00, 0x00, 0xa4, 0xff, 0x44, 0x00, 0x00,
    0x00, 0xa4, 0xff, 0x44, 0x00, 0x00, 0x00, 0xa4,
    0xff, 0x44, 0x00, 0x00, 0x00, 0xa4, 0xff, 0x44,
    0x00, 0x00, 0x00, 0xa4, 0xff, 0x44,

    /* U+0032 "2" */
    0x00, 0x01, 0x53, 0xbf, 0xea, 0xf4, 0xd0, 0x75,
    0x06, 0x00, 0x00, 0x02, 0x9b, 0xff, 0xfe, 0xda,
    0xd6, 0xfb, 0xff, 0xc5, 0x07, 0x00, 0x6d, 0xff,
    0xe0, 0x34, 0x00, 0x00, 0x24, 0xd3, 0xff, 0x7c,
    0x00, 0xac, 0xf9, 0x28, 0x00, 0x00, 0x00, 0x00,
    0x3c, 0xff, 0xd3, 0x00, 0x00, 0x20, 0x00, 0x00,
    0x00, 0x00, 0x00, 0x0b, 0xff, 0xeb, 0x00, 0x00,
    0x00, 0x00, 0x00, 0x00, 0x00, 0x00, 0x2c, 0xff,
    0xcc, 0x00, 0x00, 0x00, 0x00, 0x00, 0x00, 0x00,
    0x00, 0x93, 0xff, 0x7a, 0x00, 0x00, 0x00, 0x00,
    0x00, 0x00, 0x00, 0x33, 0xfb, 0xed, 0x13, 0x00,
    0x00, 0x00, 0x00, 0x00, 0x00, 0x11, 0xdb, 0xff,
    0x62, 0x00, 0x00, 0x00, 0x00, 0x00, 0x00, 0x04,
    0xbb, 0xff, 0xa2, 0x00, 0x00, 0x00, 0x00, 0x00,
    0x00, 0x00, 0x9b, 0xff, 0xcc, 0x09, 0x00, 0x00,
    0x00, 0x00, 0x00, 0x00, 0x7a, 0xff, 0xde, 0x17,
    0x00, 0x00, 0x00, 0x00, 0x00, 0x00, 0x5a, 0xfe,
    0xed, 0x27, 0x00, 0x00, 0x00, 0x00, 0x00, 0x00,
    0x3e, 0xf9, 0xf7, 0x3b, 0x00, 0x00, 0x00, 0x00,
    0x00, 0x00, 0x28, 0xee, 0xfd, 0x53, 0x00, 0x00,
    0x00, 0x00, 0x00, 0x00, 0x00, 0xcd, 0xff, 0xf2,
    0xc4, 0xc4, 0xc4, 0xc4, 0xc4, 0xc4, 0xc4, 0x37,
    0xe0, 0xff, 0xff, 0xff, 0xff, 0xff, 0xff, 0xff,
    0xff, 0xff, 0x48,

    /* U+0033 "3" */
    0x6c, 0xff, 0xff, 0xff, 0xff, 0xff, 0xff, 0xff,
    0xff, 0xf0, 0x00, 0x52, 0xc4, 0xc4, 0xc4, 0xc4,
    0xc4, 0xc4, 0xec, 0xff, 0xde, 0x00, 0x00, 0x00,
    0x00, 0x00, 0x00, 0x00, 0x39, 0xf8, 0xf3, 0x32,
    0x00, 0x00, 0x00, 0x00, 0x00, 0x00, 0x1e, 0xe8,
    0xfb, 0x47, 0x00, 0x00, 0x00, 0x00, 0x00, 0x00,
    0x0c, 0xd1, 0xff, 0x60, 0x00, 0x00, 0x00, 0x00,
    0x00, 0x00, 0x02, 0xb1, 0xff, 0x7d, 0x00, 0x00,
    0x00, 0x00, 0x00, 0x00, 0x00, 0x8a, 0xff, 0x9a,
    0x00, 0x00, 0x00, 0x00, 0x00, 0x00, 0x00, 0x3f,
    0xff, 0xff, 0xfc, 0xf1, 0xc0, 0x53, 0x00, 0x00,
    0x00, 0x00, 0x04, 0xc1, 0xb3, 0x96, 0xb8, 0xfb,
    0xff, 0x8d, 0x00, 0x00, 0x00, 0x00, 0x00, 0x00,
    0x00, 0x00, 0x2e, 0xeb, 0xff, 0x46, 0x00, 0x00,
    0x00, 0x00, 0x00, 0x00, 0x00, 0x00, 0x65, 0xff,
    0xaa, 0x00, 0x00, 0x00, 0x00, 0x00, 0x00, 0x00,
    0x00, 0x29, 0xff, 0xcf, 0x00, 0x15, 0x00, 0x00,
    0x00, 0x00, 0x00, 0x00, 0x32, 0xff, 0xc9, 0x87,
    0xfc, 0x51, 0x00, 0x00, 0x00, 0x00, 0x00, 0x7e,
    0xff, 0x9c, 0x38, 0xfe, 0xf3, 0x54, 0x01, 0x00,
    0x00, 0x5c, 0xf8, 0xfd, 0x34, 0x00, 0x5d, 0xfb,
    0xff, 0xe9, 0xcd, 0xeb, 0xff, 0xfd, 0x6f, 0x00,
    0x00, 0x00, 0x2b, 0x9f, 0xdd, 0xf8, 0xe5, 0xaa,
    0x3a, 0x00, 0x00,

    /* U+0034 "4" */
    0x00, 0x00, 0x00, 0x00, 0x00, 0x00, 0x08, 0xde,
    0xff, 0xff, 0x24, 0x00, 0x00, 0x00, 0x00, 0x00,
    0x00, 0x00, 0x00, 0x7e, 0xff, 0xff, 0xff, 0x24,
    0x00, 0x00, 0x00, 0x00, 0x00, 0x00, 0x00, 0x1e,
    0xf6, 0xee, 0xd7, 0xff, 0x24, 0x00, 0x00, 0x00,
    0x00, 0x00, 0x00, 0x00, 0xab, 0xff, 0x6d, 0xc4,
    0xff, 0x24, 0x00, 0x00, 0x00, 0x00, 0x00, 0x00,
    0x41, 0xff, 0xd2, 0x03, 0xc4, 0xff, 0x24, 0x00,
    0x00, 0x00, 0x00, 0x00, 0x04, 0xd3, 0xff, 0x40,
    0x00, 0xc4, 0xff, 0x24, 0x00, 0x00, 0x00, 0x00,
    0x00, 0x6f, 0xff, 0xaa, 0x00, 0x00, 0xc4, 0xff,
    0x24, 0x00, 0x00, 0x00, 0x00, 0x15, 0xef, 0xf5,
    0x1e, 0x00, 0x00, 0xc4, 0xff, 0x24, 0x00, 0x00,
    0x00, 0x00, 0x9c, 0xff, 0x7d, 0x00, 0x00, 0x00,
    0xc4, 0xff, 0x24, 0x00, 0x00, 0x00, 0x34, 0xfd,
    0xde, 0x08, 0x00, 0x00, 0x00, 0xc4, 0xff, 0x24,
    0x00, 0x00, 0x01, 0xc7, 0xff, 0x50, 0x00, 0x00,
    0x00, 0x00, 0xc4, 0xff, 0x24, 0x00, 0x00, 0x4f,
    0xff, 0xfc, 0xc0, 0xc0, 0xc0, 0xc0, 0xc0, 0xf1,
    0xff, 0xc9, 0xc0, 0x27, 0x64, 0xff, 0xff, 0xff,
    0xff, 0xff, 0xff, 0xff, 0xff, 0xff, 0xff, 0xff,
    0x34, 0x00, 0x00, 0x00, 0x00, 0x00, 0x00, 0x00,
    0x00, 0xc4, 0xff, 0x24, 0x00, 0x00, 0x00, 0x00,
    0x00, 0x00, 0x00, 0x00, 0x00, 0x00, 0xc4, 0xff,
    0x24, 0x00, 0x00, 0x00, 0x00, 0x00, 0x00, 0x00,
    0x00, 0x00, 0x00, 0xc4, 0xff, 0x24, 0x00, 0x00,
    0x00, 0x00, 0x00, 0x00, 0x00, 0x00, 0x00, 0x00,
    0xc4, 0xff, 0x24, 0x00, 0x00,

    /* U+0035 "5" */
    0x00, 0x86, 0xff, 0xff, 0xff, 0xff, 0xff, 0xff,
    0xff, 0xfc, 0x00, 0x00, 0x98, 0xff, 0xd2, 0xc4,
    0xc4, 0xc4, 0xc4, 0xc4, 0xc0, 0x00, 0x00, 0xab,
    0xff, 0x30, 0x00, 0x00, 0x00, 0x00, 0x00, 0x00,
    0x00, 0x00, 0xbe, 0xff, 0x1b, 0x00, 0x00, 0x00,
    0x00, 0x00, 0x00, 0x00, 0x00, 0xd1, 0xff, 0x07,
    0x00, 0x00, 0x00, 0x00, 0x00, 0x00, 0x00, 0x00,
    0xe4, 0xf2, 0x00, 0x00, 0x00, 0x00, 0x00, 0x00,
    0x00, 0x00, 0x00, 0xf7, 0xdd, 0x39, 0x95, 0xbd,
    0xb8, 0x86, 0x20, 0x00, 0x00, 0x0a, 0xff, 0xf8,
    0xfd, 0xff, 0xff, 0xff, 0xff, 0xf4, 0x52, 0x00,
    0x1d, 0xff, 0xff, 0x9c, 0x29, 0x09, 0x2c, 0x9f,
    0xff, 0xf5, 0x25, 0x04, 0x48, 0x5d, 0x00, 0x00,
    0x00, 0x00, 0x00, 0xa3, 0xff, 0x92, 0x00, 0x00,
    0x00, 0x00, 0x00, 0x00, 0x00, 0x00, 0x34, 0xff,
    0xd0, 0x00, 0x00, 0x00, 0x00, 0x00, 0x00, 0x00,
    0x00, 0x12, 0xff, 0xe4, 0x00, 0x32, 0x02, 0x00,
    0x00, 0x00, 0x00, 0x00, 0x2c, 0xff, 0xcf, 0x96,
    0xff, 0x5e, 0x00, 0x00, 0x00, 0x00, 0x00, 0x83,
    0xff, 0x94, 0x32, 0xfc, 0xf6, 0x5a, 0x01, 0x00,
    0x00, 0x5f, 0xf8, 0xf9, 0x2b, 0x00, 0x59, 0xfc,
    0xff, 0xeb, 0xcd, 0xed, 0xff, 0xfb, 0x62, 0x00,
    0x00, 0x00, 0x2a, 0xa0, 0xdb, 0xf7, 0xe6, 0xa9,
    0x36, 0x00, 0x00,

    /* U+0036 "6" */
    0x00, 0x00, 0x00, 0x00, 0x06, 0xdb, 0xff, 0x53,
    0x00, 0x00, 0x00, 0x00, 0x00, 0x00, 0x00, 0x00,
    0x77, 0xff, 0xbb, 0x00, 0x00, 0x00, 0x00, 0x00,
    0x00, 0x00, 0x00, 0x19, 0xf2, 0xfa, 0x29, 0x00,
    0x00, 0x00, 0x00, 0x00, 0x00, 0x00, 0x00, 0xa1,
    0xff, 0x8c, 0x00, 0x00, 0x00, 0x00, 0x00, 0x00,
    0x00, 0x00, 0x36, 0xfe, 0xe7, 0x0d, 0x00, 0x00,
    0x00, 0x00, 0x00, 0x00, 0x00, 0x00, 0xc5, 0xff,
    0x5d, 0x00, 0x00, 0x00, 0x00, 0x00, 0x00, 0x00,
    0x00, 0x4f, 0xff, 0xd0, 0x71, 0xa3, 0xb0, 0x89,
    0x2a, 0x00, 0x00, 0x00, 0x00, 0xcd, 0xff, 0xff,
    0xff, 0xff, 0xff, 0xff, 0xfc, 0x73, 0x00, 0x00,
    0x39, 0xff, 0xff, 0xc9, 0x41, 0x0f, 0x20, 0x7b,
    0xf9, 0xff, 0x4b, 0x00, 0x86, 0xff, 0xc8, 0x05,
    0x00, 0x00, 0x00, 0x00, 0x6b, 0xff, 0xc8, 0x00,
    0xb5, 0xff, 0x54, 0x00, 0x00, 0x00, 0x00, 0x00,
    0x02, 0xf2, 0xff, 0x10, 0xc6, 0xff, 0x33, 0x00,
    0x00, 0x00, 0x00, 0x00, 0x00, 0xcf, 0xff, 0x28,
    0xb1, 0xff, 0x54, 0x00, 0x00, 0x00, 0x00, 0x00,
    0x00, 0xeb, 0xff, 0x13, 0x73, 0xff, 0xb6, 0x00,
    0x00, 0x00, 0x00, 0x00, 0x4c, 0xff, 0xd5, 0x00,
    0x13, 0xe9, 0xff, 0x87, 0x08, 0x00, 0x00, 0x3b,
    0xe7, 0xff, 0x5f, 0x00, 0x00, 0x3e, 0xef, 0xff,
    0xf2, 0xca, 0xdb, 0xff, 0xff, 0x8e, 0x00, 0x00,
    0x00, 0x00, 0x1f, 0x92, 0xdd, 0xf8, 0xe8, 0xb3,
    0x47, 0x00, 0x00, 0x00,

    /* U+0037 "7" */
    0x4c, 0xff, 0xff, 0xff, 0xff, 0xff, 0xff, 0xff,
    0xff, 0xff, 0x94, 0x3a, 0xc4, 0xc4, 0xc4, 0xc4,
    0xc4, 0xc4, 0xc4, 0xea, 0xff, 0x81, 0x00, 0x00,
    0x00, 0x00, 0x00, 0x00, 0x00, 0x03, 0xe2, 0xfe,
    0x22, 0x00, 0x00, 0x00, 0x00, 0x00, 0x00, 0x00,
    0x50, 0xff, 0xb7, 0x00, 0x00, 0x00, 0x00, 0x00,
    0x00, 0x00, 0x00, 0xbb, 0xff, 0x4e, 0x00, 0x00,
    0x00, 0x00, 0x00, 0x00, 0x00, 0x25, 0xfe, 0xe3,
    0x03, 0x00, 0x00, 0x00, 0x00, 0x00, 0x00, 0x00,
    0x8f, 0xff, 0x7d, 0x00, 0x00, 0x00, 0x00, 0x00,
    0x00, 0x00, 0x09, 0xee, 0xfb, 0x19, 0x00, 0x00,
    0x00, 0x00, 0x00, 0x00, 0x00, 0x63, 0xff, 0xab,
    0x00, 0x00, 0x00, 0x00, 0x00, 0x00, 0x00, 0x00,
    0xcc, 0xff, 0x42, 0x00, 0x00, 0x00, 0x00, 0x00,
    0x00, 0x00, 0x37, 0xff, 0xd8, 0x00, 0x00, 0x00,
    0x00, 0x00, 0x00, 0x00, 0x00, 0xa1, 0xff, 0x70,
    0x00, 0x00, 0x00, 0x00, 0x00, 0x00, 0x00, 0x13,
    0xf7, 0xf6, 0x11, 0x00, 0x00, 0x00, 0x00, 0x00,
    0x00, 0x00, 0x75, 0xff, 0x9e, 0x00, 0x00, 0x00,
    0x00, 0x00, 0x00, 0x00, 0x01, 0xdc, 0xff, 0x35,
    0x00, 0x00, 0x00, 0x00, 0x00, 0x00, 0x00, 0x49,
    0xff, 0xcd, 0x00, 0x00, 0x00, 0x00, 0x00, 0x00,
    0x00, 0x00, 0xb3, 0xff, 0x64, 0x00, 0x00, 0x00,
    0x00, 0x00, 0x00,

    /* U+0038 "8" */
    0x00, 0x00, 0x08, 0x79, 0xd0, 0xf4, 0xf1, 0xc6,
    0x66, 0x02, 0x00, 0x00, 0x00, 0x0f, 0xd0, 0xff,
    0xfa, 0xd5, 0xdb, 0xfd, 0xff, 0xb7, 0x04, 0x00,
    0x00, 0x94, 0xff, 0xc5, 0x1e, 0x00, 0x00, 0x2d,
    0xdb, 0xff, 0x6f, 0x00, 0x00, 0xe9, 0xff, 0x1e,
    0x00, 0x00, 0x00, 0x00, 0x42, 0xff, 0xc4, 0x00,
    0x00, 0xf7, 0xf1, 0x00, 0x00, 0x00, 0x00, 0x00,
    0x15, 0xff, 0xd3, 0x00, 0x00, 0xc1, 0xff, 0x32,
    0x00, 0x00, 0x00, 0x00, 0x56, 0xff, 0x9e, 0x00,
    0x00, 0x38, 0xf7, 0xe1, 0x51, 0x10, 0x15, 0x62,
    0xef, 0xee, 0x23, 0x00, 0x00, 0x00, 0x39, 0xd6,
    0xff, 0xff, 0xff, 0xff, 0xc6, 0x2c, 0x00, 0x00,
    0x00, 0x03, 0x8f, 0xfa, 0xfa, 0xd6, 0xdb, 0xfc,
    0xf3, 0x75, 0x00, 0x00, 0x00, 0xa0, 0xff, 0x9e,
    0x13, 0x00, 0x00, 0x1e, 0xb6, 0xff, 0x79, 0x00,
    0x3a, 0xff, 0xb7, 0x00, 0x00, 0x00, 0x00, 0x00,
    0x05, 0xd7, 0xf7, 0x1c, 0x86, 0xff, 0x62, 0x00,
    0x00, 0x00, 0x00, 0x00, 0x00, 0x87, 0xff, 0x60,
    0x98, 0xff, 0x61, 0x00, 0x00, 0x00, 0x00, 0x00,
    0x00, 0x87, 0xff, 0x74, 0x6e, 0xff, 0xb5, 0x00,
    0x00, 0x00, 0x00, 0x00, 0x04, 0xd6, 0xff, 0x4a,
    0x11, 0xee, 0xff, 0x98, 0x11, 0x00, 0x00, 0x1d,
    0xb3, 0xff, 0xd8, 0x03, 0x00, 0x3c, 0xed, 0xff,
    0xf9, 0xd5, 0xda, 0xfc, 0xff, 0xe1, 0x26, 0x00,
    0x00, 0x00, 0x17, 0x88, 0xd5, 0xf4, 0xf2, 0xce,
    0x7b, 0x0c, 0x00, 0x00,

    /* U+0039 "9" */
    0x00, 0x00, 0x30, 0xa1, 0xe1, 0xf8, 0xe2, 0xa2,
    0x2f, 0x00, 0x00, 0x00, 0x60, 0xfa, 0xff, 0xe6,
    0xca, 0xe9, 0xff, 0xf9, 0x5d, 0x00, 0x31, 0xfa,
    0xf8, 0x5c, 0x00, 0x00, 0x01, 0x65, 0xfb, 0xf8,
    0x2c, 0xa3, 0xff, 0x7f, 0x00, 0x00, 0x00, 0x00,
    0x00, 0x88, 0xff, 0x9d, 0xe1, 0xff, 0x1e, 0x00,
    0x00, 0x00, 0x00, 0x00, 0x24, 0xff, 0xdc, 0xf4,
    0xfe, 0x04, 0x00, 0x00, 0x00, 0x00, 0x00, 0x04,
    0xff, 0xf1, 0xde, 0xff, 0x27, 0x00, 0x00, 0x00,
    0x00, 0x00, 0x26, 0xff, 0xe1, 0x9c, 0xff, 0x9c,
    0x00, 0x00, 0x00, 0x00, 0x00, 0xa1, 0xff, 0xb4,
    0x2a, 0xf7, 0xff, 0x9a, 0x28, 0x0b, 0x33, 0xb0,
    0xff, 0xff, 0x6a, 0x00, 0x53, 0xf5, 0xff, 0xff,
    0xff, 0xff, 0xff, 0xff, 0xf2, 0x0d, 0x00, 0x00,
    0x1e, 0x80, 0xb0, 0xaf, 0x83, 0xb1, 0xff, 0x82,
    0x00, 0x00, 0x00, 0x00, 0x00, 0x00, 0x00, 0x2e,
    0xfc, 0xeb, 0x0e, 0x00, 0x00, 0x00, 0x00, 0x00,
    0x00, 0x00, 0xc1, 0xff, 0x68, 0x00, 0x00, 0x00,
    0x00, 0x00, 0x00, 0x00, 0x5a, 0xff, 0xd1, 0x03,
    0x00, 0x00, 0x00, 0x00, 0x00, 0x00, 0x0c, 0xe5,
    0xff, 0x40, 0x00, 0x00, 0x00, 0x00, 0x00, 0x00,
    0x00, 0x89, 0xff, 0xaa, 0x00, 0x00, 0x00, 0x00,
    0x00, 0x00, 0x00, 0x26, 0xf9, 0xf6, 0x1f, 0x00,
    0x00, 0x00, 0x00,

    /* U+003A ":" */
    0x6c, 0xff, 0xe0, 0x6c, 0xff, 0xe0, 0x20, 0x4c,
    0x42, 0x00, 0x00, 0x00, 0x00, 0x00, 0x00, 0x00,
    0x00, 0x00, 0x00, 0x00, 0x00, 0x00, 0x00, 0x00,
    0x00, 0x00, 0x00, 0x21, 0x50, 0x46, 0x6c, 0xff,
    0xe0, 0x6c, 0xff, 0xe0,

    /* U+003B ";" */
    0x2c, 0xff, 0xff, 0x1c, 0x2c, 0xff, 0xff, 0x1c,
    0x0d, 0x4c, 0x4c, 0x08, 0x00, 0x00, 0x00, 0x00,
    0x00, 0x00, 0x00, 0x00, 0x00, 0x00, 0x00, 0x00,
    0x00, 0x00, 0x00, 0x00, 0x00, 0x00, 0x00, 0x00,
    0x00, 0x00, 0x00, 0x00, 0x0d, 0x50, 0x50, 0x08,
    0x2c, 0xff, 0xff, 0x1c, 0x2c, 0xff, 0xff, 0x1c,
    0x00, 0x04, 0xf9, 0x0b, 0x00, 0x6b, 0xc6, 0x00,
    0x4c, 0xe6, 0x29, 0x00, 0x07, 0x12, 0x00, 0x00,

    /* U+003C "<" */
    0x00, 0x00, 0x00, 0x00, 0x00, 0x00, 0x00, 0x00,
    0x00, 0x0f, 0x4d, 0x00, 0x00, 0x00, 0x00, 0x00,
    0x00, 0x00, 0x08, 0x73, 0xed, 0xb0, 0x00, 0x00,
    0x00, 0x00, 0x00, 0x02, 0x60, 0xe2, 0xff, 0xec,
    0x5e, 0x00, 0x00, 0x00, 0x00, 0x4e, 0xd4, 0xff,
    0xf2, 0x81, 0x0e, 0x00, 0x00, 0x00, 0x3c, 0xc4,
    0xff, 0xf7, 0x8d, 0x14, 0x00, 0x00, 0x00, 0x14,
    0xb2, 0xff, 0xfa, 0x98, 0x1a, 0x00, 0x00, 0x00,
    0x00, 0x00, 0x38, 0xff, 0xf6, 0x3f, 0x00, 0x00,
    0x00, 0x00, 0x00, 0x00, 0x00, 0x16, 0xbb, 0xff,
    0xf8, 0x8f, 0x15, 0x00, 0x00, 0x00, 0x00, 0x00,
    0x00, 0x00, 0x44, 0xcc, 0xff, 0xf3, 0x84, 0x0f,
    0x00, 0x00, 0x00, 0x00, 0x00, 0x00, 0x01, 0x57,
    0xdb, 0xff, 0xee, 0x78, 0x0a, 0x00, 0x00, 0x00,
    0x00, 0x00, 0x00, 0x04, 0x69, 0xe7, 0xff, 0xe7,
    0x59, 0x00, 0x00, 0x00, 0x00, 0x00, 0x00, 0x00,
    0x0b, 0x7c, 0xf1, 0xb0, 0x00, 0x00, 0x00, 0x00,
    0x00, 0x00, 0x00, 0x00, 0x00, 0x13, 0x53,

    /* U+003D "=" */
    0x3c, 0xff, 0xff, 0xff, 0xff, 0xff, 0xff, 0xff,
    0xff, 0xff, 0xb4, 0x2a, 0xb4, 0xb4, 0xb4, 0xb4,
    0xb4, 0xb4, 0xb4, 0xb4, 0xb4, 0x7e, 0x00, 0x00,
    0x00, 0x00, 0x00, 0x00, 0x00, 0x00, 0x00, 0x00,
    0x00, 0x00, 0x00, 0x00, 0x00, 0x00, 0x00, 0x00,
    0x00, 0x00, 0x00, 0x00, 0x00, 0x00, 0x00, 0x00,
    0x00, 0x00, 0x00, 0x00, 0x00, 0x00, 0x00, 0x3c,
    0xff, 0xff, 0xff, 0xff, 0xff, 0xff, 0xff, 0xff,
    0xff, 0xb4, 0x29, 0xb0, 0xb0, 0xb0, 0xb0, 0xb0,
    0xb0, 0xb0, 0xb0, 0xb0, 0x7b,

    /* U+003E ">" */
    0x1f, 0x3c, 0x00, 0x00, 0x00, 0x00, 0x00, 0x00,
    0x00, 0x00, 0x00, 0x38, 0xff, 0xb3, 0x2c, 0x00,
    0x00, 0x00, 0x00, 0x00, 0x00, 0x00, 0x17, 0xbc,
    0xff, 0xfd, 0xa1, 0x1f, 0x00, 0x00, 0x00, 0x00,
    0x00, 0x00, 0x00, 0x41, 0xc7, 0xff, 0xf8, 0x8e,
    0x13, 0x00, 0x00, 0x00, 0x00, 0x00, 0x00, 0x00,
    0x4d, 0xd0, 0xff, 0xf1, 0x7b, 0x0b, 0x00, 0x00,
    0x00, 0x00, 0x00, 0x00, 0x01, 0x58, 0xd9, 0xff,
    0xe7, 0x57, 0x00, 0x00, 0x00, 0x00, 0x00, 0x00,
    0x00, 0x05, 0xb4, 0xff, 0xb0, 0x00, 0x00, 0x00,
    0x00, 0x00, 0x00, 0x4f, 0xd2, 0xff, 0xec, 0x5d,
    0x00, 0x00, 0x00, 0x00, 0x44, 0xc9, 0xff, 0xf4,
    0x84, 0x0e, 0x00, 0x00, 0x00, 0x39, 0xbf, 0xff,
    0xfb, 0x97, 0x18, 0x00, 0x00, 0x00, 0x15, 0xb3,
    0xff, 0xfe, 0xaa, 0x24, 0x00, 0x00, 0x00, 0x00,
    0x00, 0x38, 0xff, 0xbc, 0x34, 0x00, 0x00, 0x00,
    0x00, 0x00, 0x00, 0x00, 0x21, 0x45, 0x00, 0x00,
    0x00, 0x00, 0x00, 0x00, 0x00, 0x00, 0x00,

    /* U+003F "?" */
    0x00, 0x00, 0x25, 0x9e, 0xdf, 0xf7, 0xde, 0x8a,
    0x0e, 0x00, 0x00, 0x3e, 0xf2, 0xff, 0xee, 0xd6,
    0xf7, 0xff, 0xd6, 0x0f, 0x0e, 0xe8, 0xfe, 0x73,
    0x04, 0x00, 0x14, 0xc0, 0xff, 0x83, 0x1f, 0xb2,
    0x8a, 0x00, 0x00, 0x00, 0x00, 0x36, 0xff, 0xc0,
    0x00, 0x00, 0x00, 0x00, 0x00, 0x00, 0x00, 0x2e,
    0xff, 0xbb, 0x00, 0x00, 0x00, 0x00, 0x00, 0x00,
    0x00, 0x93, 0xff, 0x79, 0x00, 0x00, 0x00, 0x00,
    0x00, 0x00, 0x62, 0xff, 0xe1, 0x0b, 0x00, 0x00,
    0x00, 0x00, 0x00, 0x50, 0xfc, 0xe4, 0x28, 0x00,
    0x00, 0x00, 0x00, 0x00, 0x1c, 0xf2, 0xe9, 0x24,
    0x00, 0x00, 0x00, 0x00, 0x00, 0x00, 0x78, 0xff,
    0x5c, 0x00, 0x00, 0x00, 0x00, 0x00, 0x00, 0x00,
    0x90, 0xff, 0x24, 0x00, 0x00, 0x00, 0x00, 0x00,
    0x00, 0x00, 0x8a, 0xff, 0x18, 0x00, 0x00, 0x00,
    0x00, 0x00, 0x00, 0x00, 0x04, 0x08, 0x00, 0x00,
    0x00, 0x00, 0x00, 0x00, 0x00, 0x00, 0x00, 0x00,
    0x00, 0x00, 0x00, 0x00, 0x00, 0x00, 0x00, 0x00,
    0x44, 0x50, 0x21, 0x00, 0x00, 0x00, 0x00, 0x00,
    0x00, 0x00, 0xdc, 0xff, 0x6c, 0x00, 0x00, 0x00,
    0x00, 0x00, 0x00, 0x00, 0xdc, 0xff, 0x6c, 0x00,
    0x00, 0x00,

    /* U+0040 "@" */
    0x00, 0x00, 0x00, 0x00, 0x00, 0x24, 0x88, 0xcc,
    0xf1, 0xfb, 0xeb, 0xbf, 0x70, 0x0e, 0x00, 0x00,
    0x00, 0x00, 0x00, 0x00, 0x00, 0x02, 0x80, 0xfc,
    0xfd, 0xc0, 0x98, 0x84, 0x9e, 0xd4, 0xff, 0xe8,
    0x44, 0x00, 0x00, 0x00, 0x00, 0x00, 0x03, 0xb3,
    0xff, 0xa6, 0x21, 0x00, 0x00, 0x00, 0x00, 0x00,
    0x3b, 0xd7, 0xfd, 0x5b, 0x00, 0x00, 0x00, 0x00,
    0x83, 0xff, 0x78, 0x00, 0x00, 0x00, 0x00, 0x00,
    0x00, 0x00, 0x00, 0x0b, 0xc7, 0xf4, 0x29, 0x00,
    0x00, 0x2e, 0xfd, 0xaa, 0x00, 0x00, 0x2a, 0xb5,
    0xf2, 0xe7, 0x86, 0x16, 0xa4, 0x29, 0x1e, 0xf4,
    0xb2, 0x00, 0x00, 0x99, 0xfd, 0x1d, 0x00, 0x22,
    0xf0, 0xf9, 0xa6, 0x9c, 0xeb, 0xbe, 0xff, 0x40,
    0x00, 0x9a, 0xfc, 0x13, 0x00, 0xe2, 0xbb, 0x00,
    0x00, 0xa4, 0xff, 0x43, 0x00, 0x00, 0x1a, 0xeb,
    0xff, 0x40, 0x00, 0x4a, 0xff, 0x48, 0x0e, 0xff,
    0x88, 0x00, 0x00, 0xea, 0xcb, 0x00, 0x00, 0x00,
    0x00, 0x89, 0xff, 0x40, 0x00, 0x2a, 0xff, 0x61,
    0x1f, 0xff, 0x6d, 0x00, 0x00, 0xf6, 0xb7, 0x00,
    0x00, 0x00, 0x00, 0x74, 0xff, 0x40, 0x00, 0x28,
    0xff, 0x5b, 0x19, 0xff, 0x79, 0x00, 0x00, 0xca,
    0xea, 0x0c, 0x00, 0x00, 0x00, 0xb7, 0xff, 0x48,
    0x00, 0x56, 0xff, 0x34, 0x02, 0xf5, 0x9d, 0x00,
    0x00, 0x57, 0xff, 0xbd, 0x3c, 0x32, 0x96, 0xe7,
    0xea, 0xab, 0x34, 0xd3, 0xd8, 0x02, 0x00, 0xb8,
    0xee, 0x09, 0x00, 0x00, 0x76, 0xf7, 0xff, 0xff,
    0xea, 0x3d, 0x5f, 0xfc, 0xff, 0xee, 0x38, 0x00,
    0x00, 0x52, 0xff, 0x7a, 0x00, 0x00, 0x00, 0x12,
    0x44, 0x3d, 0x07, 0x00, 0x00, 0x21, 0x45, 0x10,
    0x00, 0x00, 0x00, 0x01, 0xb1, 0xfc, 0x4f, 0x00,
    0x00, 0x00, 0x00, 0x00, 0x00, 0x00, 0x00, 0x00,
    0x00, 0x00, 0x00, 0x00, 0x00, 0x00, 0x0f, 0xd3,
    0xfe, 0x8d, 0x16, 0x00, 0x00, 0x00, 0x00, 0x00,
    0x36, 0x5a, 0x00, 0x00, 0x00, 0x00, 0x00, 0x00,
    0x00, 0x0a, 0x9a, 0xff, 0xfb, 0xb9, 0x94, 0x81,
    0x97, 0xd1, 0xff, 0xde, 0x06, 0x00, 0x00, 0x00,
    0x00, 0x00, 0x00, 0x00, 0x00, 0x30, 0x92, 0xd1,
    0xf3, 0xfb, 0xe7, 0xb5, 0x5b, 0x06, 0x00, 0x00,
    0x00, 0x00,

    /* U+0041 "A" */
    0x00, 0x00, 0x00, 0x00, 0x00, 0x00, 0xd6, 0xff,
    0x7d, 0x00, 0x00, 0x00, 0x00, 0x00, 0x00, 0x00,
    0x00, 0x00, 0x00, 0x00, 0x31, 0xff, 0xff, 0xd8,
    0x00, 0x00, 0x00, 0x00, 0x00, 0x00, 0x00, 0x00,
    0x00, 0x00, 0x00, 0x8c, 0xff, 0xed, 0xff, 0x33,
    0x00, 0x00, 0x00, 0x00, 0x00, 0x00, 0x00, 0x00,
    0x00, 0x02, 0xe5, 0xf1, 0x5b, 0xff, 0x8e, 0x00,
    0x00, 0x00, 0x00, 0x00, 0x00, 0x00, 0x00, 0x00,
    0x43, 0xff, 0x9e, 0x07, 0xef, 0xe6, 0x02, 0x00,
    0x00, 0x00, 0x00, 0x00, 0x00, 0x00, 0x00, 0x9e,
    0xff, 0x43, 0x00, 0x9c, 0xff, 0x44, 0x00, 0x00,
    0x00, 0x00, 0x00, 0x00, 0x00, 0x08, 0xf1, 0xe5,
    0x02, 0x00, 0x41, 0xff, 0x9f, 0x00, 0x00, 0x00,
    0x00, 0x00, 0x00, 0x00, 0x55, 0xff, 0x8d, 0x00,
    0x00, 0x02, 0xe4, 0xf1, 0x08, 0x00, 0x00, 0x00,
    0x00, 0x00, 0x00, 0xb0, 0xff, 0x32, 0x00, 0x00,
    0x00, 0x8b, 0xff, 0x55, 0x00, 0x00, 0x00, 0x00,
    0x00, 0x11, 0xf9, 0xff, 0xd0, 0xd0, 0xd0, 0xd0,
    0xdf, 0xff, 0xb0, 0x00, 0x00, 0x00, 0x00, 0x00,
    0x67, 0xff, 0xff, 0xff, 0xff, 0xff, 0xff, 0xff,
    0xff, 0xf9, 0x12, 0x00, 0x00, 0x00, 0x00, 0xc2,
    0xff, 0x25, 0x00, 0x00, 0x00, 0x00, 0x00, 0x7e,
    0xff, 0x66, 0x00, 0x00, 0x00, 0x1e, 0xfe, 0xcf,
    0x00, 0x00, 0x00, 0x00, 0x00, 0x00, 0x28, 0xff,
    0xc1, 0x00, 0x00, 0x00, 0x79, 0xff, 0x7a, 0x00,
    0x00, 0x00, 0x00, 0x00, 0x00, 0x00, 0xd3, 0xfe,
    0x1e, 0x00, 0x00, 0xd4, 0xff, 0x25, 0x00, 0x00,
    0x00, 0x00, 0x00, 0x00, 0x00, 0x7e, 0xff, 0x77,
    0x00, 0x2f, 0xff, 0xcf, 0x00, 0x00, 0x00, 0x00,
    0x00, 0x00, 0x00, 0x00, 0x28, 0xff, 0xd2, 0x00,
    0x8a, 0xff, 0x7a, 0x00, 0x00, 0x00, 0x00, 0x00,
    0x00, 0x00, 0x00, 0x00, 0xd3, 0xff, 0x2e,

    /* U+0042 "B" */
    0x44, 0xff, 0xff, 0xff, 0xff, 0xff, 0xf5, 0xda,
    0x9f, 0x37, 0x00, 0x00, 0x00, 0x44, 0xff, 0xee,
    0xd0, 0xd0, 0xd2, 0xe8, 0xfd, 0xff, 0xfe, 0x79,
    0x00, 0x00, 0x44, 0xff, 0xa0, 0x00, 0x00, 0x00,
    0x00, 0x18, 0x81, 0xfd, 0xfe, 0x35, 0x00, 0x44,
    0xff, 0xa0, 0x00, 0x00, 0x00, 0x00, 0x00, 0x00,
    0x94, 0xff, 0x86, 0x00, 0x44, 0xff, 0xa0, 0x00,
    0x00, 0x00, 0x00, 0x00, 0x00, 0x67, 0xff, 0x95,
    0x00, 0x44, 0xff, 0xa0, 0x00, 0x00, 0x00, 0x00,
    0x00, 0x00, 0xa8, 0xff, 0x6a, 0x00, 0x44, 0xff,
    0xa0, 0x00, 0x00, 0x00, 0x00, 0x1a, 0x8f, 0xff,
    0xdd, 0x0a, 0x00, 0x44, 0xff, 0xee, 0xd0, 0xd0,
    0xd2, 0xe8, 0xfe, 0xfa, 0xa7, 0x18, 0x00, 0x00,
    0x44, 0xff, 0xff, 0xff, 0xff, 0xff, 0xff, 0xff,
    0xf4, 0xa7, 0x42, 0x00, 0x00, 0x44, 0xff, 0xa0,
    0x00, 0x00, 0x01, 0x0c, 0x2d, 0x75, 0xe8, 0xfe,
    0x70, 0x00, 0x44, 0xff, 0xa0, 0x00, 0x00, 0x00,
    0x00, 0x00, 0x00, 0x1b, 0xeb, 0xf8, 0x1e, 0x44,
    0xff, 0xa0, 0x00, 0x00, 0x00, 0x00, 0x00, 0x00,
    0x00, 0x98, 0xff, 0x57, 0x44, 0xff, 0xa0, 0x00,
    0x00, 0x00, 0x00, 0x00, 0x00, 0x00, 0x9a, 0xff,
    0x64, 0x44, 0xff, 0xa0, 0x00, 0x00, 0x00, 0x00,
    0x00, 0x00, 0x13, 0xe9, 0xff, 0x38, 0x44, 0xff,
    0xa0, 0x00, 0x00, 0x00, 0x00, 0x07, 0x4f, 0xd8,
    0xff, 0xc8, 0x01, 0x44, 0xff, 0xee, 0xd0, 0xd0,
    0xd1, 0xdc, 0xfa, 0xff, 0xff, 0xd1, 0x1c, 0x00,
    0x44, 0xff, 0xff, 0xff, 0xff, 0xff, 0xf7, 0xe1,
    0xb1, 0x5f, 0x04, 0x00, 0x00,

    /* U+0043 "C" */
    0x00, 0x00, 0x00, 0x00, 0x48, 0xaa, 0xe3, 0xfa,
    0xeb, 0xc5, 0x6d, 0x0c, 0x00, 0x00, 0x00, 0x00,
    0x0a, 0xa9, 0xff, 0xff, 0xf9, 0xdb, 0xe7, 0xff,
    0xff, 0xde, 0x38, 0x00, 0x00, 0x03, 0xc4, 0xff,
    0xe1, 0x5b, 0x04, 0x00, 0x00, 0x2b, 0xa8, 0xff,
    0xef, 0x25, 0x00, 0x7a, 0xff, 0xd8, 0x19, 0x00,
    0x00, 0x00, 0x00, 0x00, 0x00, 0x7b, 0x8a, 0x07,
    0x08, 0xf3, 0xfe, 0x39, 0x00, 0x00, 0x00, 0x00,
    0x00, 0x00, 0x00, 0x00, 0x00, 0x00, 0x53, 0xff,
    0xc0, 0x00, 0x00, 0x00, 0x00, 0x00, 0x00, 0x00,
    0x00, 0x00, 0x00, 0x00, 0x8f, 0xff, 0x73, 0x00,
    0x00, 0x00, 0x00, 0x00, 0x00, 0x00, 0x00, 0x00,
    0x00, 0x00, 0xa9, 0xff, 0x51, 0x00, 0x00, 0x00,
    0x00, 0x00, 0x00, 0x00, 0x00, 0x00, 0x00, 0x00,
    0xb9, 0xff, 0x41, 0x00, 0x00, 0x00, 0x00, 0x00,
    0x00, 0x00, 0x00, 0x00, 0x00, 0x00, 0xa5, 0xff,
    0x55, 0x00, 0x00, 0x00, 0x00, 0x00, 0x00, 0x00,
    0x00, 0x00, 0x00, 0x00, 0x8a, 0xff, 0x7a, 0x00,
    0x00, 0x00, 0x00, 0x00, 0x00, 0x00, 0x00, 0x00,
    0x00, 0x00, 0x49, 0xff, 0xc8, 0x00, 0x00, 0x00,
    0x00, 0x00, 0x00, 0x00, 0x00, 0x00, 0x00, 0x00,
    0x05, 0xed, 0xff, 0x44, 0x00, 0x00, 0x00, 0x00,
    0x00, 0x00, 0x00, 0x00, 0x00, 0x00, 0x00, 0x6c,
    0xff, 0xdf, 0x1f, 0x00, 0x00, 0x00, 0x00, 0x00,
    0x00, 0x89, 0x8e, 0x07, 0x00, 0x01, 0xb9, 0xff,
    0xe5, 0x5f, 0x05, 0x00, 0x00, 0x2f, 0xb3, 0xff,
    0xf0, 0x26, 0x00, 0x00, 0x06, 0xa0, 0xff, 0xff,
    0xf9, 0xdb, 0xe7, 0xff, 0xff, 0xe2, 0x3a, 0x00,
    0x00, 0x00, 0x00, 0x00, 0x43, 0xa8, 0xe2, 0xfa,
    0xec, 0xc8, 0x73, 0x0f, 0x00, 0x00,

    /* U+0044 "D" */
    0x44, 0xff, 0xff, 0xff, 0xff, 0xff, 0xf9, 0xe4,
    0xb4, 0x62, 0x07, 0x00, 0x00, 0x00, 0x00, 0x44,
    0xff, 0xee, 0xd0, 0xd0, 0xd0, 0xdd, 0xf6, 0xff,
    0xff, 0xd9, 0x2b, 0x00, 0x00, 0x00, 0x44, 0xff,
    0xa0, 0x00, 0x00, 0x00, 0x00, 0x05, 0x42, 0xbe,
    0xff, 0xf4, 0x32, 0x00, 0x00, 0x44, 0xff, 0xa0,
    0x00, 0x00, 0x00, 0x00, 0x00, 0x00, 0x01, 0x90,
    0xff, 0xd4, 0x08, 0x00, 0x44, 0xff, 0xa0, 0x00,
    0x00, 0x00, 0x00, 0x00, 0x00, 0x00, 0x03, 0xc9,
    0xff, 0x5e, 0x00, 0x44, 0xff, 0xa0, 0x00, 0x00,
    0x00, 0x00, 0x00, 0x00, 0x00, 0x00, 0x54, 0xff,
    0xb5, 0x00, 0x44, 0xff, 0xa0, 0x00, 0x00, 0x00,
    0x00, 0x00, 0x00, 0x00, 0x00, 0x10, 0xfe, 0xf1,
    0x00, 0x44, 0xff, 0xa0, 0x00, 0x00, 0x00, 0x00,
    0x00, 0x00, 0x00, 0x00, 0x00, 0xe9, 0xff, 0x0a,
    0x44, 0xff, 0xa0, 0x00, 0x00, 0x00, 0x00, 0x00,
    0x00, 0x00, 0x00, 0x00, 0xdc, 0xff, 0x1d, 0x44,
    0xff, 0xa0, 0x00, 0x00, 0x00, 0x00, 0x00, 0x00,
    0x00, 0x00, 0x00, 0xea, 0xff, 0x0a, 0x44, 0xff,
    0xa0, 0x00, 0x00, 0x00, 0x00, 0x00, 0x00, 0x00,
    0x00, 0x11, 0xfe, 0xef, 0x00, 0x44, 0xff, 0xa0,
    0x00, 0x00, 0x00, 0x00, 0x00, 0x00, 0x00, 0x00,
    0x57, 0xff, 0xb1, 0x00, 0x44, 0xff, 0xa0, 0x00,
    0x00, 0x00, 0x00, 0x00, 0x00, 0x00, 0x04, 0xcc,
    0xff, 0x54, 0x00, 0x44, 0xff, 0xa0, 0x00, 0x00,
    0x00, 0x00, 0x00, 0x00, 0x03, 0x98, 0xff, 0xc8,
    0x04, 0x00, 0x44, 0xff, 0xa0, 0x00, 0x00, 0x00,
    0x00, 0x08, 0x4a, 0xc5, 0xff, 0xec, 0x22, 0x00,
    0x00, 0x44, 0xff, 0xee, 0xd0, 0xd0, 0xd0, 0xde,
    0xf9, 0xff, 0xff, 0xc4, 0x1c, 0x00, 0x00, 0x00,
    0x44, 0xff, 0xff, 0xff, 0xff, 0xff, 0xf5, 0xda,
    0xa3, 0x4d, 0x01, 0x00, 0x00, 0x00, 0x00,

    /* U+0045 "E" */
    0x44, 0xff, 0xff, 0xff, 0xff, 0xff, 0xff, 0xff,
    0xff, 0xff, 0xd0, 0x00, 0x44, 0xff, 0xee, 0xd0,
    0xd0, 0xd0, 0xd0, 0xd0, 0xd0, 0xd0, 0xa9, 0x00,
    0x44, 0xff, 0xa0, 0x00, 0x00, 0x00, 0x00, 0x00,
    0x00, 0x00, 0x00, 0x00, 0x44, 0xff, 0xa0, 0x00,
    0x00, 0x00, 0x00, 0x00, 0x00, 0x00, 0x00, 0x00,
    0x44, 0xff, 0xa0, 0x00, 0x00, 0x00, 0x00, 0x00,
    0x00, 0x00, 0x00, 0x00, 0x44, 0xff, 0xa0, 0x00,
    0x00, 0x00, 0x00, 0x00, 0x00, 0x00, 0x00, 0x00,
    0x44, 0xff, 0xa0, 0x00, 0x00, 0x00, 0x00, 0x00,
    0x00, 0x00, 0x00, 0x00, 0x44, 0xff, 0xeb, 0xc8,
    0xc8, 0xc8, 0xc8, 0xc8, 0xc8, 0xc8, 0x47, 0x00,
    0x44, 0xff, 0xff, 0xff, 0xff, 0xff, 0xff, 0xff,
    0xff, 0xff, 0x5c, 0x00, 0x44, 0xff, 0xa0, 0x00,
    0x00, 0x00, 0x00, 0x00, 0x00, 0x00, 0x00, 0x00,
    0x44, 0xff, 0xa0, 0x00, 0x00, 0x00, 0x00, 0x00,
    0x00, 0x00, 0x00, 0x00, 0x44, 0xff, 0xa0, 0x00,
    0x00, 0x00, 0x00, 0x00, 0x00, 0x00, 0x00, 0x00,
    0x44, 0xff, 0xa0, 0x00, 0x00, 0x00, 0x00, 0x00,
    0x00, 0x00, 0x00, 0x00, 0x44, 0xff, 0xa0, 0x00,
    0x00, 0x00, 0x00, 0x00, 0x00, 0x00, 0x00, 0x00,
    0x44, 0xff, 0xa0, 0x00, 0x00, 0x00, 0x00, 0x00,
    0x00, 0x00, 0x00, 0x00, 0x44, 0xff, 0xee, 0xd0,
    0xd0, 0xd0, 0xd0, 0xd0, 0xd0, 0xd0, 0xd0, 0x13,
    0x44, 0xff, 0xff, 0xff, 0xff, 0xff, 0xff, 0xff,
    0xff, 0xff, 0xff, 0x18,

    /* U+0046 "F" */
    0x44, 0xff, 0xff, 0xff, 0xff, 0xff, 0xff, 0xff,
    0xff, 0xff, 0x9c, 0x44, 0xff, 0xee, 0xd0, 0xd0,
    0xd0, 0xd0, 0xd0, 0xd0, 0xd0, 0x7e, 0x44, 0xff,
    0xa0, 0x00, 0x00, 0x00, 0x00, 0x00, 0x00, 0x00,
    0x00, 0x44, 0xff, 0xa0, 0x00, 0x00, 0x00, 0x00,
    0x00, 0x00, 0x00, 0x00, 0x44, 0xff, 0xa0, 0x00,
    0x00, 0x00, 0x00, 0x00, 0x00, 0x00, 0x00, 0x44,
    0xff, 0xa0, 0x00, 0x00, 0x00, 0x00, 0x00, 0x00,
    0x00, 0x00, 0x44, 0xff, 0xa0, 0x00, 0x00, 0x00,
    0x00, 0x00, 0x00, 0x00, 0x00, 0x44, 0xff, 0xa0,
    0x00, 0x00, 0x00, 0x00, 0x00, 0x00, 0x00, 0x00,
    0x44, 0xff, 0xff, 0xff, 0xff, 0xff, 0xff, 0xff,
    0xff, 0xff, 0x0c, 0x44, 0xff, 0xee, 0xd0, 0xd0,
    0xd0, 0xd0, 0xd0, 0xd0, 0xd0, 0x09, 0x44, 0xff,
    0xa0, 0x00, 0x00, 0x00, 0x00, 0x00, 0x00, 0x00,
    0x00, 0x44, 0xff, 0xa0, 0x00, 0x00, 0x00, 0x00,
    0x00, 0x00, 0x00, 0x00, 0x44, 0xff, 0xa0, 0x00,
    0x00, 0x00, 0x00, 0x00, 0x00, 0x00, 0x00, 0x44,
    0xff, 0xa0, 0x00, 0x00, 0x00, 0x00, 0x00, 0x00,
    0x00, 0x00, 0x44, 0xff, 0xa0, 0x00, 0x00, 0x00,
    0x00, 0x00, 0x00, 0x00, 0x00, 0x44, 0xff, 0xa0,
    0x00, 0x00, 0x00, 0x00, 0x00, 0x00, 0x00, 0x00,
    0x44, 0xff, 0xa0, 0x00, 0x00, 0x00, 0x00, 0x00,
    0x00, 0x00, 0x00,

    /* U+0047 "G" */
    0x00, 0x00, 0x00, 0x01, 0x4f, 0xae, 0xe4, 0xfa,
    0xea, 0xc4, 0x69, 0x0a, 0x00, 0x00, 0x00, 0x00,
    0x0e, 0xb4, 0xff, 0xff, 0xf9, 0xdb, 0xe7, 0xff,
    0xff, 0xd8, 0x2e, 0x00, 0x00, 0x06, 0xce, 0xff,
    0xdf, 0x5a, 0x04, 0x00, 0x00, 0x30, 0xb8, 0xff,
    0xe8, 0x1e, 0x00, 0x84, 0xff, 0xd5, 0x17, 0x00,
    0x00, 0x00, 0x00, 0x00, 0x00, 0x92, 0x8f, 0x08,
    0x0b, 0xf6, 0xfd, 0x37, 0x00, 0x00, 0x00, 0x00,
    0x00, 0x00, 0x00, 0x00, 0x00, 0x00, 0x56, 0xff,
    0xbd, 0x00, 0x00, 0x00, 0x00, 0x00, 0x00, 0x00,
    0x00, 0x00, 0x00, 0x00, 0x90, 0xff, 0x71, 0x00,
    0x00, 0x00, 0x00, 0x00, 0x00, 0x00, 0x00, 0x00,
    0x00, 0x00, 0xa9, 0xff, 0x4e, 0x00, 0x00, 0x00,
    0x00, 0x00, 0x00, 0x00, 0x00, 0x00, 0x00, 0x00,
    0xba, 0xff, 0x3d, 0x00, 0x00, 0x00, 0x00, 0x28,
    0xff, 0xff, 0xff, 0xff, 0xff, 0xb8, 0xa9, 0xff,
    0x4d, 0x00, 0x00, 0x00, 0x00, 0x1f, 0xcc, 0xcc,
    0xcc, 0xd6, 0xff, 0xb8, 0x90, 0xff, 0x6c, 0x00,
    0x00, 0x00, 0x00, 0x00, 0x00, 0x00, 0x00, 0x34,
    0xff, 0xb8, 0x56, 0xff, 0xb4, 0x00, 0x00, 0x00,
    0x00, 0x00, 0x00, 0x00, 0x00, 0x34, 0xff, 0xb8,
    0x0c, 0xf7, 0xfa, 0x29, 0x00, 0x00, 0x00, 0x00,
    0x00, 0x00, 0x00, 0x34, 0xff, 0xb8, 0x00, 0x87,
    0xff, 0xc9, 0x0f, 0x00, 0x00, 0x00, 0x00, 0x00,
    0x00, 0x83, 0xff, 0xb6, 0x00, 0x08, 0xd3, 0xff,
    0xd4, 0x4c, 0x01, 0x00, 0x00, 0x29, 0xab, 0xff,
    0xef, 0x30, 0x00, 0x00, 0x11, 0xbf, 0xff, 0xff,
    0xf6, 0xd8, 0xe6, 0xff, 0xff, 0xd4, 0x2f, 0x00,
    0x00, 0x00, 0x00, 0x02, 0x5a, 0xb5, 0xe9, 0xfb,
    0xe8, 0xbe, 0x65, 0x07, 0x00, 0x00,

    /* U+0048 "H" */
    0x44, 0xff, 0xa0, 0x00, 0x00, 0x00, 0x00, 0x00,
    0x00, 0x00, 0x00, 0xd0, 0xff, 0x14, 0x44, 0xff,
    0xa0, 0x00, 0x00, 0x00, 0x00, 0x00, 0x00, 0x00,
    0x00, 0xd0, 0xff, 0x14, 0x44, 0xff, 0xa0, 0x00,
    0x00, 0x00, 0x00, 0x00, 0x00, 0x00, 0x00, 0xd0,
    0xff, 0x14, 0x44, 0xff, 0xa0, 0x00, 0x00, 0x00,
    0x00, 0x00, 0x00, 0x00, 0x00, 0xd0, 0xff, 0x14,
    0x44, 0xff, 0xa0, 0x00, 0x00, 0x00, 0x00, 0x00,
    0x00, 0x00, 0x00, 0xd0, 0xff, 0x14, 0x44, 0xff,
    0xa0, 0x00, 0x00, 0x00, 0x00, 0x00, 0x00, 0x00,
    0x00, 0xd0, 0xff, 0x14, 0x44, 0xff, 0xa0, 0x00,
    0x00, 0x00, 0x00, 0x00, 0x00, 0x00, 0x00, 0xd0,
    0xff, 0x14, 0x44, 0xff, 0xeb, 0xc8, 0xc8, 0xc8,
    0xc8, 0xc8, 0xc8, 0xc8, 0xc8, 0xf5, 0xff, 0x14,
    0x44, 0xff, 0xff, 0xff, 0xff, 0xff, 0xff, 0xff,
    0xff, 0xff, 0xff, 0xff, 0xff, 0x14, 0x44, 0xff,
    0xa0, 0x00, 0x00, 0x00, 0x00, 0x00, 0x00, 0x00,
    0x00, 0xd0, 0xff, 0x14, 0x44, 0xff, 0xa0, 0x00,
    0x00, 0x00, 0x00, 0x00, 0x00, 0x00, 0x00, 0xd0,
    0xff, 0x14, 0x44, 0xff, 0xa0, 0x00, 0x00, 0x00,
    0x00, 0x00, 0x00, 0x00, 0x00, 0xd0, 0xff, 0x14,
    0x44, 0xff, 0xa0, 0x00, 0x00, 0x00, 0x00, 0x00,
    0x00, 0x00, 0x00, 0xd0, 0xff, 0x14, 0x44, 0xff,
    0xa0, 0x00, 0x00, 0x00, 0x00, 0x00, 0x00, 0x00,
    0x00, 0xd0, 0xff, 0x14, 0x44, 0xff, 0xa0, 0x00,
    0x00, 0x00, 0x00, 0x00, 0x00, 0x00, 0x00, 0xd0,
    0xff, 0x14, 0x44, 0xff, 0xa0, 0x00, 0x00, 0x00,
    0x00, 0x00, 0x00, 0x00, 0x00, 0xd0, 0xff, 0x14,
    0x44, 0xff, 0xa0, 0x00, 0x00, 0x00, 0x00, 0x00,
    0x00, 0x00, 0x00, 0xd0, 0xff, 0x14,

    /* U+0049 "I" */
    0x44, 0xff, 0xa0, 0x44, 0xff, 0xa0, 0x44, 0xff,
    0xa0, 0x44, 0xff, 0xa0, 0x44, 0xff, 0xa0, 0x44,
    0xff, 0xa0, 0x44, 0xff, 0xa0, 0x44, 0xff, 0xa0,
    0x44, 0xff, 0xa0, 0x44, 0xff, 0xa0, 0x44, 0xff,
    0xa0, 0x44, 0xff, 0xa0, 0x44, 0xff, 0xa0, 0x44,
    0xff, 0xa0, 0x44, 0xff, 0xa0, 0x44, 0xff, 0xa0,
    0x44, 0xff, 0xa0,

    /* U+004A "J" */
    0x00, 0x00, 0x00, 0x00, 0x00, 0x00, 0x0c, 0xff,
    0xdc, 0x00, 0x00, 0x00, 0x00, 0x00, 0x00, 0x0c,
    0xff, 0xdc, 0x00, 0x00, 0x00, 0x00, 0x00, 0x00,
    0x0c, 0xff, 0xdc, 0x00, 0x00, 0x00, 0x00, 0x00,
    0x00, 0x0c, 0xff, 0xdc, 0x00, 0x00, 0x00, 0x00,
    0x00, 0x00, 0x0c, 0xff, 0xdc, 0x00, 0x00, 0x00,
    0x00, 0x00, 0x00, 0x0c, 0xff, 0xdc, 0x00, 0x00,
    0x00, 0x00, 0x00, 0x00, 0x0c, 0xff, 0xdc, 0x00,
    0x00, 0x00, 0x00, 0x00, 0x00, 0x0c, 0xff, 0xdc,
    0x00, 0x00, 0x00, 0x00, 0x00, 0x00, 0x0c, 0xff,
    0xdc, 0x00, 0x00, 0x00, 0x00, 0x00, 0x00, 0x0c,
    0xff, 0xdc, 0x00, 0x00, 0x00, 0x00, 0x00, 0x00,
    0x0c, 0xff, 0xdc, 0x00, 0x00, 0x00, 0x00, 0x00,
    0x00, 0x0d, 0xff, 0xdb, 0x00, 0x00, 0x00, 0x00,
    0x00, 0x00, 0x22, 0xff, 0xd3, 0x24, 0xa1, 0x78,
    0x00, 0x00, 0x00, 0x57, 0xff, 0xb4, 0x3e, 0xff,
    0xf4, 0x3b, 0x00, 0x15, 0xd4, 0xff, 0x6e, 0x00,
    0x96, 0xff, 0xfd, 0xdd, 0xf9, 0xff, 0xd7, 0x0a,
    0x00, 0x02, 0x6a, 0xd3, 0xf7, 0xe9, 0x9d, 0x17,
    0x00,

    /* U+004B "K" */
    0x44, 0xff, 0xa0, 0x00, 0x00, 0x00, 0x00, 0x00,
    0x02, 0xa4, 0xff, 0xd4, 0x16, 0x00, 0x44, 0xff,
    0xa0, 0x00, 0x00, 0x00, 0x00, 0x02, 0xa2, 0xff,
    0xd4, 0x16, 0x00, 0x00, 0x44, 0xff, 0xa0, 0x00,
    0x00, 0x00, 0x02, 0xa1, 0xff, 0xd3, 0x15, 0x00,
    0x00, 0x00, 0x44, 0xff, 0xa0, 0x00, 0x00, 0x02,
    0xa0, 0xff, 0xd2, 0x15, 0x00, 0x00, 0x00, 0x00,
    0x44, 0xff, 0xa0, 0x00, 0x01, 0x9e, 0xff, 0xd2,
    0x14, 0x00, 0x00, 0x00, 0x00, 0x00, 0x44, 0xff,
    0xa0, 0x01, 0x9d, 0xff, 0xd1, 0x14, 0x00, 0x00,
    0x00, 0x00, 0x00, 0x00, 0x44, 0xff, 0xa1, 0x9b,
    0xff, 0xd1, 0x14, 0x00, 0x00, 0x00, 0x00, 0x00,
    0x00, 0x00, 0x44, 0xff, 0xf7, 0xff, 0xfb, 0x20,
    0x00, 0x00, 0x00, 0x00, 0x00, 0x00, 0x00, 0x00,
    0x44, 0xff, 0xff, 0xfb, 0xff, 0xb4, 0x03, 0x00,
    0x00, 0x00, 0x00, 0x00, 0x00, 0x00, 0x44, 0xff,
    0xd6, 0x24, 0xd8, 0xff, 0x94, 0x00, 0x00, 0x00,
    0x00, 0x00, 0x00, 0x00, 0x44, 0xff, 0xa0, 0x00,
    0x22, 0xea, 0xff, 0x70, 0x00, 0x00, 0x00, 0x00,
    0x00, 0x00, 0x44, 0xff, 0xa0, 0x00, 0x00, 0x38,
    0xf7, 0xfd, 0x4f, 0x00, 0x00, 0x00, 0x00, 0x00,
    0x44, 0xff, 0xa0, 0x00, 0x00, 0x00, 0x53, 0xfe,
    0xf5, 0x33, 0x00, 0x00, 0x00, 0x00, 0x44, 0xff,
    0xa0, 0x00, 0x00, 0x00, 0x00, 0x74, 0xff, 0xe6,
    0x1e, 0x00, 0x00, 0x00, 0x44, 0xff, 0xa0, 0x00,
    0x00, 0x00, 0x00, 0x00, 0x96, 0xff, 0xd2, 0x0e,
    0x00, 0x00, 0x44, 0xff, 0xa0, 0x00, 0x00, 0x00,
    0x00, 0x00, 0x03, 0xb5, 0xff, 0xb8, 0x04, 0x00,
    0x44, 0xff, 0xa0, 0x00, 0x00, 0x00, 0x00, 0x00,
    0x00, 0x0c, 0xce, 0xff, 0x99, 0x00,

    /* U+004C "L" */
    0x44, 0xff, 0xa0, 0x00, 0x00, 0x00, 0x00, 0x00,
    0x00, 0x00, 0x00, 0x44, 0xff, 0xa0, 0x00, 0x00,
    0x00, 0x00, 0x00, 0x00, 0x00, 0x00, 0x44, 0xff,
    0xa0, 0x00, 0x00, 0x00, 0x00, 0x00, 0x00, 0x00,
    0x00, 0x44, 0xff, 0xa0, 0x00, 0x00, 0x00, 0x00,
    0x00, 0x00, 0x00, 0x00, 0x44, 0xff, 0xa0, 0x00,
    0x00, 0x00, 0x00, 0x00, 0x00, 0x00, 0x00, 0x44,
    0xff, 0xa0, 0x00, 0x00, 0x00, 0x00, 0x00, 0x00,
    0x00, 0x00, 0x44, 0xff, 0xa0, 0x00, 0x00, 0x00,
    0x00, 0x00, 0x00, 0x00, 0x00, 0x44, 0xff, 0xa0,
    0x00, 0x00, 0x00, 0x00, 0x00, 0x00, 0x00, 0x00,
    0x44, 0xff, 0xa0, 0x00, 0x00, 0x00, 0x00, 0x00,
    0x00, 0x00, 0x00, 0x44, 0xff, 0xa0, 0x00, 0x00,
    0x00, 0x00, 0x00, 0x00, 0x00, 0x00, 0x44, 0xff,
    0xa0, 0x00, 0x00, 0x00, 0x00, 0x00, 0x00, 0x00,
    0x00, 0x44, 0xff, 0xa0, 0x00, 0x00, 0x00, 0x00,
    0x00, 0x00, 0x00, 0x00, 0x44, 0xff, 0xa0, 0x00,
    0x00, 0x00, 0x00, 0x00, 0x00, 0x00, 0x00, 0x44,
    0xff, 0xa0, 0x00, 0x00, 0x00, 0x00, 0x00, 0x00,
    0x00, 0x00, 0x44, 0xff, 0xa0, 0x00, 0x00, 0x00,
    0x00, 0x00, 0x00, 0x00, 0x00, 0x44, 0xff, 0xee,
    0xd0, 0xd0, 0xd0, 0xd0, 0xd0, 0xd0, 0xd0, 0xc6,
    0x44, 0xff, 0xff, 0xff, 0xff, 0xff, 0xff, 0xff,
    0xff, 0xff, 0xf4,

    /* U+004D "M" */
    0x44, 0xff, 0xe7, 0x0d, 0x00, 0x00, 0x00, 0x00,
    0x00, 0x00, 0x00, 0x00, 0x00, 0x00, 0xa6, 0xff,
    0x94, 0x44, 0xff, 0xff, 0x88, 0x00, 0x00, 0x00,
    0x00, 0x00, 0x00, 0x00, 0x00, 0x00, 0x39, 0xff,
    0xff, 0x94, 0x44, 0xff, 0xff, 0xf8, 0x22, 0x00,
    0x00, 0x00, 0x00, 0x00, 0x00, 0x00, 0x01, 0xca,
    0xff, 0xff, 0x94, 0x44, 0xff, 0xf6, 0xff, 0xae,
    0x00, 0x00, 0x00, 0x00, 0x00, 0x00, 0x00, 0x5f,
    0xff, 0xf6, 0xff, 0x94, 0x44, 0xff, 0xa3, 0xd3,
    0xff, 0x41, 0x00, 0x00, 0x00, 0x00, 0x00, 0x0b,
    0xe5, 0xfb, 0x7b, 0xff, 0x94, 0x44, 0xff, 0xa0,
    0x44, 0xff, 0xd1, 0x03, 0x00, 0x00, 0x00, 0x00,
    0x85, 0xff, 0x94, 0x50, 0xff, 0x94, 0x44, 0xff,
    0xa0, 0x00, 0xb2, 0xff, 0x67, 0x00, 0x00, 0x00,
    0x20, 0xf7, 0xee, 0x13, 0x50, 0xff, 0x94, 0x44,
    0xff, 0xa0, 0x00, 0x25, 0xfa, 0xea, 0x0f, 0x00,
    0x00, 0xab, 0xff, 0x6e, 0x00, 0x50, 0xff, 0x94,
    0x44, 0xff, 0xa0, 0x00, 0x00, 0x8d, 0xff, 0x8d,
    0x00, 0x3e, 0xff, 0xd7, 0x04, 0x00, 0x50, 0xff,
    0x94, 0x44, 0xff, 0xa0, 0x00, 0x00, 0x0f, 0xea,
    0xfa, 0x28, 0xce, 0xff, 0x49, 0x00, 0x00, 0x50,
    0xff, 0x94, 0x44, 0xff, 0xa0, 0x00, 0x00, 0x00,
    0x67, 0xff, 0xe7, 0xff, 0xb7, 0x00, 0x00, 0x00,
    0x50, 0xff, 0x94, 0x44, 0xff, 0xa0, 0x00, 0x00,
    0x00, 0x03, 0xd2, 0xff, 0xfb, 0x28, 0x00, 0x00,
    0x00, 0x50, 0xff, 0x94, 0x44, 0xff, 0xa0, 0x00,
    0x00, 0x00, 0x00, 0x42, 0xff, 0x91, 0x00, 0x00,
    0x00, 0x00, 0x50, 0xff, 0x94, 0x44, 0xff, 0xa0,
    0x00, 0x00, 0x00, 0x00, 0x00, 0x21, 0x08, 0x00,
    0x00, 0x00, 0x00, 0x50, 0xff, 0x94, 0x44, 0xff,
    0xa0, 0x00, 0x00, 0x00, 0x00, 0x00, 0x00, 0x00,
    0x00, 0x00, 0x00, 0x00, 0x50, 0xff, 0x94, 0x44,
    0xff, 0xa0, 0x00, 0x00, 0x00, 0x00, 0x00, 0x00,
    0x00, 0x00, 0x00, 0x00, 0x00, 0x50, 0xff, 0x94,
    0x44, 0xff, 0xa0, 0x00, 0x00, 0x00, 0x00, 0x00,
    0x00, 0x00, 0x00, 0x00, 0x00, 0x00, 0x50, 0xff,
    0x94,

    /* U+004E "N" */
    0x44, 0xff, 0xea, 0x13, 0x00, 0x00, 0x00, 0x00,
    0x00, 0x00, 0x00, 0x7c, 0xff, 0x68, 0x44, 0xff,
    0xff, 0xa3, 0x00, 0x00, 0x00, 0x00, 0x00, 0x00,
    0x00, 0x7c, 0xff, 0x68, 0x44, 0xff, 0xff, 0xff,
    0x49, 0x00, 0x00, 0x00, 0x00, 0x00, 0x00, 0x7c,
    0xff, 0x68, 0x44, 0xff, 0xd8, 0xfd, 0xe1, 0x0c,
    0x00, 0x00, 0x00, 0x00, 0x00, 0x7c, 0xff, 0x68,
    0x44, 0xff, 0xa0, 0x92, 0xff, 0x94, 0x00, 0x00,
    0x00, 0x00, 0x00, 0x7c, 0xff, 0x68, 0x44, 0xff,
    0xa0, 0x0c, 0xe1, 0xfe, 0x3b, 0x00, 0x00, 0x00,
    0x00, 0x7c, 0xff, 0x68, 0x44, 0xff, 0xa0, 0x00,
    0x49, 0xff, 0xd7, 0x07, 0x00, 0x00, 0x00, 0x7c,
    0xff, 0x68, 0x44, 0xff, 0xa0, 0x00, 0x00, 0xa4,
    0xff, 0x84, 0x00, 0x00, 0x00, 0x7c, 0xff, 0x68,
    0x44, 0xff, 0xa0, 0x00, 0x00, 0x14, 0xeb, 0xfa,
    0x2e, 0x00, 0x00, 0x7c, 0xff, 0x68, 0x44, 0xff,
    0xa0, 0x00, 0x00, 0x00, 0x5b, 0xff, 0xcb, 0x03,
    0x00, 0x7c, 0xff, 0x68, 0x44, 0xff, 0xa0, 0x00,
    0x00, 0x00, 0x00, 0xb6, 0xff, 0x74, 0x00, 0x7c,
    0xff, 0x68, 0x44, 0xff, 0xa0, 0x00, 0x00, 0x00,
    0x00, 0x1e, 0xf3, 0xf6, 0x23, 0x7c, 0xff, 0x68,
    0x44, 0xff, 0xa0, 0x00, 0x00, 0x00, 0x00, 0x00,
    0x6d, 0xff, 0xbe, 0x7c, 0xff, 0x68, 0x44, 0xff,
    0xa0, 0x00, 0x00, 0x00, 0x00, 0x00, 0x02, 0xc6,
    0xff, 0xdb, 0xff, 0x68, 0x44, 0xff, 0xa0, 0x00,
    0x00, 0x00, 0x00, 0x00, 0x00, 0x2a, 0xf9, 0xff,
    0xff, 0x68, 0x44, 0xff, 0xa0, 0x00, 0x00, 0x00,
    0x00, 0x00, 0x00, 0x00, 0x7f, 0xff, 0xff, 0x68,
    0x44, 0xff, 0xa0, 0x00, 0x00, 0x00, 0x00, 0x00,
    0x00, 0x00, 0x06, 0xd4, 0xff, 0x68,

    /* U+004F "O" */
    0x00, 0x00, 0x00, 0x02, 0x57, 0xb4, 0xe8, 0xfb,
    0xf1, 0xc7, 0x77, 0x0e, 0x00, 0x00, 0x00, 0x00,
    0x00, 0x00, 0x10, 0xbb, 0xff, 0xff, 0xf5, 0xd9,
    0xee, 0xff, 0xff, 0xe5, 0x32, 0x00, 0x00, 0x00,
    0x00, 0x07, 0xd2, 0xff, 0xd2, 0x4a, 0x01, 0x00,
    0x00, 0x2b, 0xad, 0xff, 0xf5, 0x2f, 0x00, 0x00,
    0x00, 0x85, 0xff, 0xc8, 0x0e, 0x00, 0x00, 0x00,
    0x00, 0x00, 0x00, 0x90, 0xff, 0xca, 0x03, 0x00,
    0x0b, 0xf6, 0xfb, 0x2a, 0x00, 0x00, 0x00, 0x00,
    0x00, 0x00, 0x00, 0x06, 0xd8, 0xff, 0x49, 0x00,
    0x56, 0xff, 0xb5, 0x00, 0x00, 0x00, 0x00, 0x00,
    0x00, 0x00, 0x00, 0x00, 0x6d, 0xff, 0x9d, 0x00,
    0x90, 0xff, 0x6d, 0x00, 0x00, 0x00, 0x00, 0x00,
    0x00, 0x00, 0x00, 0x00, 0x23, 0xff, 0xd7, 0x00,
    0xa9, 0xff, 0x4d, 0x00, 0x00, 0x00, 0x00, 0x00,
    0x00, 0x00, 0x00, 0x00, 0x04, 0xfe, 0xf0, 0x00,
    0xba, 0xff, 0x3d, 0x00, 0x00, 0x00, 0x00, 0x00,
    0x00, 0x00, 0x00, 0x00, 0x00, 0xf2, 0xff, 0x02,
    0xa8, 0xff, 0x4d, 0x00, 0x00, 0x00, 0x00, 0x00,
    0x00, 0x00, 0x00, 0x00, 0x04, 0xfe, 0xef, 0x00,
    0x8f, 0xff, 0x6c, 0x00, 0x00, 0x00, 0x00, 0x00,
    0x00, 0x00, 0x00, 0x00, 0x22, 0xff, 0xd7, 0x00,
    0x55, 0xff, 0xb4, 0x00, 0x00, 0x00, 0x00, 0x00,
    0x00, 0x00, 0x00, 0x00, 0x6c, 0xff, 0x9c, 0x00,
    0x0b, 0xf6, 0xfa, 0x28, 0x00, 0x00, 0x00, 0x00,
    0x00, 0x00, 0x00, 0x05, 0xd6, 0xff, 0x49, 0x00,
    0x00, 0x85, 0xff, 0xc7, 0x0e, 0x00, 0x00, 0x00,
    0x00, 0x00, 0x00, 0x90, 0xff, 0xca, 0x03, 0x00,
    0x00, 0x07, 0xd1, 0xff, 0xd2, 0x49, 0x01, 0x00,
    0x00, 0x2b, 0xad, 0xff, 0xf4, 0x2e, 0x00, 0x00,
    0x00, 0x00, 0x10, 0xbb, 0xff, 0xff, 0xf5, 0xd8,
    0xed, 0xff, 0xff, 0xe5, 0x32, 0x00, 0x00, 0x00,
    0x00, 0x00, 0x00, 0x02, 0x58, 0xb5, 0xe9, 0xfc,
    0xf2, 0xc8, 0x78, 0x0f, 0x00, 0x00, 0x00, 0x00,

    /* U+0050 "P" */
    0x44, 0xff, 0xff, 0xff, 0xff, 0xff, 0xf3, 0xd5,
    0x97, 0x2c, 0x00, 0x00, 0x44, 0xff, 0xee, 0xd0,
    0xd0, 0xd3, 0xee, 0xff, 0xff, 0xfb, 0x6e, 0x00,
    0x44, 0xff, 0xa0, 0x00, 0x00, 0x00, 0x00, 0x1b,
    0x91, 0xfe, 0xff, 0x41, 0x44, 0xff, 0xa0, 0x00,
    0x00, 0x00, 0x00, 0x00, 0x00, 0x7c, 0xff, 0xb3,
    0x44, 0xff, 0xa0, 0x00, 0x00, 0x00, 0x00, 0x00,
    0x00, 0x13, 0xff, 0xeb, 0x44, 0xff, 0xa0, 0x00,
    0x00, 0x00, 0x00, 0x00, 0x00, 0x00, 0xfa, 0xfa,
    0x44, 0xff, 0xa0, 0x00, 0x00, 0x00, 0x00, 0x00,
    0x00, 0x1d, 0xff, 0xe5, 0x44, 0xff, 0xa0, 0x00,
    0x00, 0x00, 0x00, 0x00, 0x00, 0x9d, 0xff, 0xa4,
    0x44, 0xff, 0xa0, 0x00, 0x00, 0x02, 0x1c, 0x49,
    0xbd, 0xff, 0xf8, 0x2c, 0x44, 0xff, 0xff, 0xff,
    0xff, 0xff, 0xff, 0xff, 0xff, 0xee, 0x4b, 0x00,
    0x44, 0xff, 0xec, 0xcc, 0xcc, 0xcb, 0xc3, 0xa8,
    0x6c, 0x11, 0x00, 0x00, 0x44, 0xff, 0xa0, 0x00,
    0x00, 0x00, 0x00, 0x00, 0x00, 0x00, 0x00, 0x00,
    0x44, 0xff, 0xa0, 0x00, 0x00, 0x00, 0x00, 0x00,
    0x00, 0x00, 0x00, 0x00, 0x44, 0xff, 0xa0, 0x00,
    0x00, 0x00, 0x00, 0x00, 0x00, 0x00, 0x00, 0x00,
    0x44, 0xff, 0xa0, 0x00, 0x00, 0x00, 0x00, 0x00,
    0x00, 0x00, 0x00, 0x00, 0x44, 0xff, 0xa0, 0x00,
    0x00, 0x00, 0x00, 0x00, 0x00, 0x00, 0x00, 0x00,
    0x44, 0xff, 0xa0, 0x00, 0x00, 0x00, 0x00, 0x00,
    0x00, 0x00, 0x00, 0x00,

    /* U+0051 "Q" */
    0x00, 0x00, 0x00, 0x03, 0x5b, 0xb6, 0xe9, 0xfb,
    0xf1, 0xc8, 0x79, 0x10, 0x00, 0x00, 0x00, 0x00,
    0x00, 0x00, 0x12, 0xc1, 0xff, 0xff, 0xee, 0xd1,
    0xe6, 0xfe, 0xff, 0xe7, 0x35, 0x00, 0x00, 0x00,
    0x00, 0x08, 0xd4, 0xff, 0xcd, 0x42, 0x00, 0x00,
    0x00, 0x25, 0xa6, 0xff, 0xf6, 0x30, 0x00, 0x00,
    0x00, 0x86, 0xff, 0xc3, 0x0b, 0x00, 0x00, 0x00,
    0x00, 0x00, 0x00, 0x8a, 0xff, 0xcc, 0x03, 0x00,
    0x0b, 0xf6, 0xf9, 0x26, 0x00, 0x00, 0x00, 0x00,
    0x00, 0x00, 0x00, 0x05, 0xd4, 0xff, 0x4a, 0x00,
    0x55, 0xff, 0xb3, 0x00, 0x00, 0x00, 0x00, 0x00,
    0x00, 0x00, 0x00, 0x00, 0x6b, 0xff, 0x9e, 0x00,
    0x8f, 0xff, 0x6c, 0x00, 0x00, 0x00, 0x00, 0x00,
    0x00, 0x00, 0x00, 0x00, 0x21, 0xff, 0xd8, 0x00,
    0xa8, 0xff, 0x4d, 0x00, 0x00, 0x00, 0x00, 0x00,
    0x00, 0x00, 0x00, 0x00, 0x04, 0xfe, 0xf0, 0x00,
    0xba, 0xff, 0x3d, 0x00, 0x00, 0x00, 0x00, 0x00,
    0x00, 0x00, 0x00, 0x00, 0x00, 0xf0, 0xff, 0x03,
    0xa8, 0xff, 0x4e, 0x00, 0x00, 0x00, 0x00, 0x00,
    0x00, 0x00, 0x00, 0x00, 0x00, 0xfc, 0xf5, 0x00,
    0x8f, 0xff, 0x6d, 0x00, 0x00, 0x00, 0x00, 0x00,
    0x00, 0x00, 0x00, 0x00, 0x22, 0xff, 0xdb, 0x00,
    0x55, 0xff, 0xb5, 0x00, 0x00, 0x00, 0x00, 0x00,
    0x00, 0x22, 0x16, 0x00, 0x66, 0xff, 0xa1, 0x00,
    0x0b, 0xf6, 0xfb, 0x29, 0x00, 0x00, 0x00, 0x00,
    0x2b, 0xea, 0xc8, 0x0f, 0xd4, 0xff, 0x4f, 0x00,
    0x00, 0x86, 0xff, 0xc7, 0x0e, 0x00, 0x00, 0x00,
    0x08, 0xc4, 0xff, 0xe4, 0xff, 0xd4, 0x02, 0x00,
    0x00, 0x08, 0xd3, 0xff, 0xd2, 0x49, 0x01, 0x00,
    0x00, 0x3d, 0xfb, 0xff, 0xfb, 0x2c, 0x00, 0x00,
    0x00, 0x00, 0x12, 0xc1, 0xff, 0xff, 0xf5, 0xd8,
    0xe9, 0xff, 0xff, 0xff, 0xff, 0x6f, 0x00, 0x00,
    0x00, 0x00, 0x00, 0x03, 0x5d, 0xb7, 0xea, 0xfb,
    0xe6, 0xc3, 0x6b, 0x49, 0xf8, 0xfc, 0x4b, 0x00,
    0x00, 0x00, 0x00, 0x00, 0x00, 0x00, 0x00, 0x00,
    0x00, 0x00, 0x00, 0x00, 0x5b, 0xff, 0xbd, 0x00,
    0x00, 0x00, 0x00, 0x00, 0x00, 0x00, 0x00, 0x00,
    0x00, 0x00, 0x00, 0x00, 0x00, 0x56, 0x0a, 0x00,

    /* U+0052 "R" */
    0x44, 0xff, 0xff, 0xff, 0xff, 0xfe, 0xf0, 0xce,
    0x8d, 0x23, 0x00, 0x00, 0x00, 0x44, 0xff, 0xee,
    0xd0, 0xd0, 0xd5, 0xf0, 0xff, 0xff, 0xf7, 0x5c,
    0x00, 0x00, 0x44, 0xff, 0xa0, 0x00, 0x00, 0x00,
    0x00, 0x22, 0x97, 0xff, 0xfb, 0x2b, 0x00, 0x44,
    0xff, 0xa0, 0x00, 0x00, 0x00, 0x00, 0x00, 0x00,
    0x93, 0xff, 0x90, 0x00, 0x44, 0xff, 0xa0, 0x00,
    0x00, 0x00, 0x00, 0x00, 0x00, 0x3b, 0xff, 0xbc,
    0x00, 0x44, 0xff, 0xa0, 0x00, 0x00, 0x00, 0x00,
    0x00, 0x00, 0x3e, 0xff, 0xb4, 0x00, 0x44, 0xff,
    0xa0, 0x00, 0x00, 0x00, 0x00, 0x00, 0x00, 0xa5,
    0xff, 0x86, 0x00, 0x44, 0xff, 0xa0, 0x00, 0x00,
    0x05, 0x1d, 0x4d, 0xbb, 0xff, 0xf4, 0x19, 0x00,
    0x44, 0xff, 0xff, 0xff, 0xff, 0xff, 0xff, 0xff,
    0xff, 0xe9, 0x3a, 0x00, 0x00, 0x44, 0xff, 0xec,
    0xcc, 0xcc, 0xcc, 0xf7, 0xff, 0x74, 0x09, 0x00,
    0x00, 0x00, 0x44, 0xff, 0xa0, 0x00, 0x00, 0x00,
    0x7c, 0xff, 0xa3, 0x00, 0x00, 0x00, 0x00, 0x44,
    0xff, 0xa0, 0x00, 0x00, 0x00, 0x08, 0xdf, 0xff,
    0x3c, 0x00, 0x00, 0x00, 0x44, 0xff, 0xa0, 0x00,
    0x00, 0x00, 0x00, 0x54, 0xff, 0xd1, 0x03, 0x00,
    0x00, 0x44, 0xff, 0xa0, 0x00, 0x00, 0x00, 0x00,
    0x00, 0xbe, 0xff, 0x6d, 0x00, 0x00, 0x44, 0xff,
    0xa0, 0x00, 0x00, 0x00, 0x00, 0x00, 0x2e, 0xfc,
    0xef, 0x16, 0x00, 0x44, 0xff, 0xa0, 0x00, 0x00,
    0x00, 0x00, 0x00, 0x00, 0x97, 0xff, 0x9e, 0x00,
    0x44, 0xff, 0xa0, 0x00, 0x00, 0x00, 0x00, 0x00,
    0x00, 0x13, 0xee, 0xfe, 0x38,

    /* U+0053 "S" */
    0x00, 0x00, 0x00, 0x3f, 0xa5, 0xe2, 0xf8, 0xe9,
    0xc2, 0x66, 0x06, 0x00, 0x00, 0x00, 0x00, 0x8e,
    0xff, 0xff, 0xf2, 0xd7, 0xeb, 0xff, 0xff, 0xcc,
    0x1d, 0x00, 0x00, 0x60, 0xff, 0xec, 0x56, 0x04,
    0x00, 0x00, 0x39, 0xc9, 0xff, 0xce, 0x08, 0x00,
    0xcc, 0xff, 0x42, 0x00, 0x00, 0x00, 0x00, 0x00,
    0x05, 0xae, 0x69, 0x00, 0x00, 0xef, 0xfe, 0x03,
    0x00, 0x00, 0x00, 0x00, 0x00, 0x00, 0x00, 0x00,
    0x00, 0x00, 0xd7, 0xff, 0x38, 0x00, 0x00, 0x00,
    0x00, 0x00, 0x00, 0x00, 0x00, 0x00, 0x00, 0x7b,
    0xff, 0xdf, 0x37, 0x00, 0x00, 0x00, 0x00, 0x00,
    0x00, 0x00, 0x00, 0x00, 0x05, 0xa6, 0xff, 0xff,
    0xca, 0x7e, 0x34, 0x00, 0x00, 0x00, 0x00, 0x00,
    0x00, 0x00, 0x00, 0x49, 0xb1, 0xf8, 0xff, 0xff,
    0xe1, 0x7d, 0x0d, 0x00, 0x00, 0x00, 0x00, 0x00,
    0x00, 0x00, 0x0c, 0x54, 0xa8, 0xf8, 0xff, 0xe4,
    0x29, 0x00, 0x00, 0x00, 0x00, 0x00, 0x00, 0x00,
    0x00, 0x00, 0x16, 0xaa, 0xff, 0xd6, 0x02, 0x00,
    0x00, 0x00, 0x00, 0x00, 0x00, 0x00, 0x00, 0x00,
    0x02, 0xd3, 0xff, 0x36, 0x00, 0x03, 0x14, 0x00,
    0x00, 0x00, 0x00, 0x00, 0x00, 0x00, 0xa2, 0xff,
    0x4e, 0x21, 0xd2, 0xd0, 0x0c, 0x00, 0x00, 0x00,
    0x00, 0x00, 0x06, 0xdd, 0xff, 0x2f, 0x03, 0xbe,
    0xff, 0xd6, 0x47, 0x02, 0x00, 0x00, 0x2b, 0xbd,
    0xff, 0xcb, 0x00, 0x00, 0x10, 0xae, 0xff, 0xff,
    0xf2, 0xd7, 0xe5, 0xff, 0xff, 0xe0, 0x21, 0x00,
    0x00, 0x00, 0x00, 0x48, 0xaa, 0xde, 0xf8, 0xed,
    0xc7, 0x76, 0x0a, 0x00, 0x00,

    /* U+0054 "T" */
    0x80, 0xff, 0xff, 0xff, 0xff, 0xff, 0xff, 0xff,
    0xff, 0xff, 0xff, 0xff, 0xc8, 0x68, 0xd0, 0xd0,
    0xd0, 0xd0, 0xde, 0xff, 0xed, 0xd0, 0xd0, 0xd0,
    0xd0, 0xa2, 0x00, 0x00, 0x00, 0x00, 0x00, 0x4c,
    0xff, 0x9c, 0x00, 0x00, 0x00, 0x00, 0x00, 0x00,
    0x00, 0x00, 0x00, 0x00, 0x4c, 0xff, 0x9c, 0x00,
    0x00, 0x00, 0x00, 0x00, 0x00, 0x00, 0x00, 0x00,
    0x00, 0x4c, 0xff, 0x9c, 0x00, 0x00, 0x00, 0x00,
    0x00, 0x00, 0x00, 0x00, 0x00, 0x00, 0x4c, 0xff,
    0x9c, 0x00, 0x00, 0x00, 0x00, 0x00, 0x00, 0x00,
    0x00, 0x00, 0x00, 0x4c, 0xff, 0x9c, 0x00, 0x00,
    0x00, 0x00, 0x00, 0x00, 0x00, 0x00, 0x00, 0x00,
    0x4c, 0xff, 0x9c, 0x00, 0x00, 0x00, 0x00, 0x00,
    0x00, 0x00, 0x00, 0x00, 0x00, 0x4c, 0xff, 0x9c,
    0x00, 0x00, 0x00, 0x00, 0x00, 0x00, 0x00, 0x00,
    0x00, 0x00, 0x4c, 0xff, 0x9c, 0x00, 0x00, 0x00,
    0x00, 0x00, 0x00, 0x00, 0x00, 0x00, 0x00, 0x4c,
    0xff, 0x9c, 0x00, 0x00, 0x00, 0x00, 0x00, 0x00,
    0x00, 0x00, 0x00, 0x00, 0x4c, 0xff, 0x9c, 0x00,
    0x00, 0x00, 0x00, 0x00, 0x00, 0x00, 0x00, 0x00,
    0x00, 0x4c, 0xff, 0x9c, 0x00, 0x00, 0x00, 0x00,
    0x00, 0x00, 0x00, 0x00, 0x00, 0x00, 0x4c, 0xff,
    0x9c, 0x00, 0x00, 0x00, 0x00, 0x00, 0x00, 0x00,
    0x00, 0x00, 0x00, 0x4c, 0xff, 0x9c, 0x00, 0x00,
    0x00, 0x00, 0x00, 0x00, 0x00, 0x00, 0x00, 0x00,
    0x4c, 0xff, 0x9c, 0x00, 0x00, 0x00, 0x00, 0x00,
    0x00, 0x00, 0x00, 0x00, 0x00, 0x4c, 0xff, 0x9c,
    0x00, 0x00, 0x00, 0x00, 0x00,

    /* U+0055 "U" */
    0x44, 0xff, 0xa0, 0x00, 0x00, 0x00, 0x00, 0x00,
    0x00, 0x00, 0x30, 0xff, 0xbc, 0x44, 0xff, 0xa0,
    0x00, 0x00, 0x00, 0x00, 0x00, 0x00, 0x00, 0x30,
    0xff, 0xbc, 0x44, 0xff, 0xa0, 0x00, 0x00, 0x00,
    0x00, 0x00, 0x00, 0x00, 0x30, 0xff, 0xbc, 0x44,
    0xff, 0xa0, 0x00, 0x00, 0x00, 0x00, 0x00, 0x00,
    0x00, 0x30, 0xff, 0xbc, 0x44, 0xff, 0xa0, 0x00,
    0x00, 0x00, 0x00, 0x00, 0x00, 0x00, 0x30, 0xff,
    0xbc, 0x44, 0xff, 0xa0, 0x00, 0x00, 0x00, 0x00,
    0x00, 0x00, 0x00, 0x30, 0xff, 0xbc, 0x44, 0xff,
    0xa0, 0x00, 0x00, 0x00, 0x00, 0x00, 0x00, 0x00,
    0x30, 0xff, 0xbc, 0x44, 0xff, 0xa0, 0x00, 0x00,
    0x00, 0x00, 0x00, 0x00, 0x00, 0x30, 0xff, 0xbc,
    0x44, 0xff, 0xa0, 0x00, 0x00, 0x00, 0x00, 0x00,
    0x00, 0x00, 0x30, 0xff, 0xbc, 0x44, 0xff, 0xa0,
    0x00, 0x00, 0x00, 0x00, 0x00, 0x00, 0x00, 0x30,
    0xff, 0xbc, 0x43, 0xff, 0xa2, 0x00, 0x00, 0x00,
    0x00, 0x00, 0x00, 0x00, 0x31, 0xff, 0xba, 0x30,
    0xff, 0xb5, 0x00, 0x00, 0x00, 0x00, 0x00, 0x00,
    0x00, 0x44, 0xff, 0xa7, 0x11, 0xfd, 0xec, 0x06,
    0x00, 0x00, 0x00, 0x00, 0x00, 0x00, 0x7f, 0xff,
    0x84, 0x00, 0xbd, 0xff, 0x6f, 0x00, 0x00, 0x00,
    0x00, 0x00, 0x13, 0xe8, 0xff, 0x31, 0x00, 0x3c,
    0xfd, 0xfb, 0x70, 0x07, 0x00, 0x00, 0x31, 0xcf,
    0xff, 0xad, 0x00, 0x00, 0x00, 0x66, 0xfa, 0xff,
    0xf5, 0xd6, 0xe4, 0xff, 0xff, 0xc2, 0x12, 0x00,
    0x00, 0x00, 0x00, 0x30, 0x9d, 0xdd, 0xf7, 0xea,
    0xc1, 0x64, 0x04, 0x00, 0x00,

    /* U+0056 "V" */
    0x8b, 0xff, 0x80, 0x00, 0x00, 0x00, 0x00, 0x00,
    0x00, 0x00, 0x00, 0x00, 0xdc, 0xff, 0x2d, 0x2f,
    0xff, 0xd9, 0x00, 0x00, 0x00, 0x00, 0x00, 0x00,
    0x00, 0x00, 0x35, 0xff, 0xd3, 0x00, 0x00, 0xd4,
    0xff, 0x32, 0x00, 0x00, 0x00, 0x00, 0x00, 0x00,
    0x00, 0x8e, 0xff, 0x77, 0x00, 0x00, 0x79, 0xff,
    0x8b, 0x00, 0x00, 0x00, 0x00, 0x00, 0x00, 0x02,
    0xe4, 0xfe, 0x1e, 0x00, 0x00, 0x1e, 0xfe, 0xe3,
    0x01, 0x00, 0x00, 0x00, 0x00, 0x00, 0x40, 0xff,
    0xc1, 0x00, 0x00, 0x00, 0x00, 0xc2, 0xff, 0x3d,
    0x00, 0x00, 0x00, 0x00, 0x00, 0x99, 0xff, 0x66,
    0x00, 0x00, 0x00, 0x00, 0x67, 0xff, 0x96, 0x00,
    0x00, 0x00, 0x00, 0x04, 0xec, 0xf9, 0x12, 0x00,
    0x00, 0x00, 0x00, 0x11, 0xf9, 0xeb, 0x04, 0x00,
    0x00, 0x00, 0x4a, 0xff, 0xb0, 0x00, 0x00, 0x00,
    0x00, 0x00, 0x00, 0xb0, 0xff, 0x48, 0x00, 0x00,
    0x00, 0xa3, 0xff, 0x55, 0x00, 0x00, 0x00, 0x00,
    0x00, 0x00, 0x55, 0xff, 0xa1, 0x00, 0x00, 0x09,
    0xf2, 0xf1, 0x08, 0x00, 0x00, 0x00, 0x00, 0x00,
    0x00, 0x08, 0xf1, 0xf2, 0x08, 0x00, 0x55, 0xff,
    0x9f, 0x00, 0x00, 0x00, 0x00, 0x00, 0x00, 0x00,
    0x00, 0x9e, 0xff, 0x54, 0x00, 0xad, 0xff, 0x44,
    0x00, 0x00, 0x00, 0x00, 0x00, 0x00, 0x00, 0x00,
    0x43, 0xff, 0xad, 0x0e, 0xf7, 0xe6, 0x02, 0x00,
    0x00, 0x00, 0x00, 0x00, 0x00, 0x00, 0x00, 0x02,
    0xe5, 0xf7, 0x6e, 0xff, 0x8e, 0x00, 0x00, 0x00,
    0x00, 0x00, 0x00, 0x00, 0x00, 0x00, 0x00, 0x8c,
    0xff, 0xf6, 0xff, 0x33, 0x00, 0x00, 0x00, 0x00,
    0x00, 0x00, 0x00, 0x00, 0x00, 0x00, 0x31, 0xff,
    0xff, 0xd8, 0x00, 0x00, 0x00, 0x00, 0x00, 0x00,
    0x00, 0x00, 0x00, 0x00, 0x00, 0x00, 0xd5, 0xff,
    0x7d, 0x00, 0x00, 0x00, 0x00, 0x00, 0x00,

    /* U+0057 "W" */
    0x96, 0xff, 0x71, 0x00, 0x00, 0x00, 0x00, 0x00,
    0x00, 0x7f, 0xff, 0xbe, 0x00, 0x00, 0x00, 0x00,
    0x00, 0x00, 0x32, 0xff, 0xd5, 0x52, 0xff, 0xb4,
    0x00, 0x00, 0x00, 0x00, 0x00, 0x00, 0xc4, 0xff,
    0xf9, 0x0b, 0x00, 0x00, 0x00, 0x00, 0x00, 0x75,
    0xff, 0x91, 0x10, 0xfc, 0xf3, 0x04, 0x00, 0x00,
    0x00, 0x00, 0x0e, 0xfb, 0xff, 0xff, 0x4b, 0x00,
    0x00, 0x00, 0x00, 0x00, 0xb8, 0xff, 0x4d, 0x00,
    0xca, 0xff, 0x3b, 0x00, 0x00, 0x00, 0x00, 0x4f,
    0xff, 0xce, 0xff, 0x91, 0x00, 0x00, 0x00, 0x00,
    0x06, 0xf4, 0xfb, 0x0d, 0x00, 0x85, 0xff, 0x7e,
    0x00, 0x00, 0x00, 0x00, 0x95, 0xff, 0x47, 0xf7,
    0xd7, 0x00, 0x00, 0x00, 0x00, 0x3e, 0xff, 0xc4,
    0x00, 0x00, 0x41, 0xff, 0xc2, 0x00, 0x00, 0x00,
    0x00, 0xda, 0xf3, 0x05, 0xb9, 0xff, 0x1d, 0x00,
    0x00, 0x00, 0x81, 0xff, 0x80, 0x00, 0x00, 0x06,
    0xf5, 0xfa, 0x0b, 0x00, 0x00, 0x1f, 0xff, 0xb1,
    0x00, 0x72, 0xff, 0x63, 0x00, 0x00, 0x00, 0xc4,
    0xff, 0x3c, 0x00, 0x00, 0x00, 0xb9, 0xff, 0x48,
    0x00, 0x00, 0x65, 0xff, 0x6b, 0x00, 0x2c, 0xff,
    0xa9, 0x00, 0x00, 0x0c, 0xfa, 0xf3, 0x05, 0x00,
    0x00, 0x00, 0x74, 0xff, 0x8c, 0x00, 0x00, 0xaa,
    0xff, 0x24, 0x00, 0x00, 0xe4, 0xec, 0x02, 0x00,
    0x4a, 0xff, 0xb3, 0x00, 0x00, 0x00, 0x00, 0x30,
    0xff, 0xcf, 0x00, 0x02, 0xed, 0xdd, 0x00, 0x00,
    0x00, 0x9e, 0xff, 0x35, 0x00, 0x8d, 0xff, 0x6f,
    0x00, 0x00, 0x00, 0x00, 0x01, 0xea, 0xfe, 0x14,
    0x35, 0xff, 0x97, 0x00, 0x00, 0x00, 0x58, 0xff,
    0x7b, 0x00, 0xd0, 0xff, 0x2b, 0x00, 0x00, 0x00,
    0x00, 0x00, 0xa8, 0xff, 0x56, 0x7a, 0xff, 0x50,
    0x00, 0x00, 0x00, 0x13, 0xfd, 0xc1, 0x14, 0xfe,
    0xe6, 0x00, 0x00, 0x00, 0x00, 0x00, 0x00, 0x63,
    0xff, 0x99, 0xc0, 0xfb, 0x0e, 0x00, 0x00, 0x00,
    0x00, 0xca, 0xfa, 0x63, 0xff, 0xa2, 0x00, 0x00,
    0x00, 0x00, 0x00, 0x00, 0x1e, 0xff, 0xe6, 0xf9,
    0xc3, 0x00, 0x00, 0x00, 0x00, 0x00, 0x84, 0xff,
    0xe2, 0xff, 0x5e, 0x00, 0x00, 0x00, 0x00, 0x00,
    0x00, 0x00, 0xdb, 0xff, 0xff, 0x7c, 0x00, 0x00,
    0x00, 0x00, 0x00, 0x3d, 0xff, 0xff, 0xff, 0x1a,
    0x00, 0x00, 0x00, 0x00, 0x00, 0x00, 0x00, 0x97,
    0xff, 0xff, 0x35, 0x00, 0x00, 0x00, 0x00, 0x00,
    0x04, 0xf1, 0xff, 0xd6, 0x00, 0x00, 0x00, 0x00,
    0x00, 0x00, 0x00, 0x00, 0x52, 0xff, 0xec, 0x02,
    0x00, 0x00, 0x00, 0x00, 0x00, 0x00, 0xaf, 0xff,
    0x92, 0x00, 0x00, 0x00, 0x00,

    /* U+0058 "X" */
    0x0c, 0xe1, 0xff, 0x53, 0x00, 0x00, 0x00, 0x00,
    0x00, 0x00, 0x59, 0xff, 0xd9, 0x08, 0x00, 0x49,
    0xff, 0xe5, 0x0e, 0x00, 0x00, 0x00, 0x00, 0x0c,
    0xe5, 0xfe, 0x40, 0x00, 0x00, 0x00, 0xa5, 0xff,
    0x95, 0x00, 0x00, 0x00, 0x00, 0x8c, 0xff, 0x9b,
    0x00, 0x00, 0x00, 0x00, 0x14, 0xeb, 0xfd, 0x38,
    0x00, 0x00, 0x2a, 0xfa, 0xe8, 0x11, 0x00, 0x00,
    0x00, 0x00, 0x00, 0x5b, 0xff, 0xd2, 0x04, 0x00,
    0xbd, 0xff, 0x55, 0x00, 0x00, 0x00, 0x00, 0x00,
    0x00, 0x00, 0xb6, 0xff, 0x77, 0x58, 0xff, 0xb2,
    0x00, 0x00, 0x00, 0x00, 0x00, 0x00, 0x00, 0x00,
    0x1e, 0xf3, 0xf6, 0xe7, 0xf2, 0x1d, 0x00, 0x00,
    0x00, 0x00, 0x00, 0x00, 0x00, 0x00, 0x00, 0x6d,
    0xff, 0xff, 0x6c, 0x00, 0x00, 0x00, 0x00, 0x00,
    0x00, 0x00, 0x00, 0x00, 0x00, 0x73, 0xff, 0xff,
    0x5b, 0x00, 0x00, 0x00, 0x00, 0x00, 0x00, 0x00,
    0x00, 0x00, 0x1b, 0xf3, 0xf0, 0xfd, 0xe8, 0x0f,
    0x00, 0x00, 0x00, 0x00, 0x00, 0x00, 0x00, 0x00,
    0xab, 0xff, 0x6b, 0x98, 0xff, 0x95, 0x00, 0x00,
    0x00, 0x00, 0x00, 0x00, 0x00, 0x46, 0xff, 0xd4,
    0x03, 0x12, 0xec, 0xfd, 0x35, 0x00, 0x00, 0x00,
    0x00, 0x00, 0x07, 0xdb, 0xff, 0x45, 0x00, 0x00,
    0x67, 0xff, 0xcc, 0x02, 0x00, 0x00, 0x00, 0x00,
    0x7f, 0xff, 0xb2, 0x00, 0x00, 0x00, 0x02, 0xcb,
    0xff, 0x6d, 0x00, 0x00, 0x00, 0x23, 0xf7, 0xfa,
    0x25, 0x00, 0x00, 0x00, 0x00, 0x37, 0xfe, 0xf1,
    0x19, 0x00, 0x00, 0xb6, 0xff, 0x8c, 0x00, 0x00,
    0x00, 0x00, 0x00, 0x00, 0x9d, 0xff, 0xa7, 0x00,
    0x52, 0xff, 0xea, 0x0f, 0x00, 0x00, 0x00, 0x00,
    0x00, 0x00, 0x15, 0xef, 0xff, 0x45,

    /* U+0059 "Y" */
    0x71, 0xff, 0xbf, 0x00, 0x00, 0x00, 0x00, 0x00,
    0x00, 0x00, 0x10, 0xef, 0xfe, 0x32, 0x06, 0xdc,
    0xff, 0x47, 0x00, 0x00, 0x00, 0x00, 0x00, 0x00,
    0x88, 0xff, 0xa2, 0x00, 0x00, 0x54, 0xff, 0xcd,
    0x01, 0x00, 0x00, 0x00, 0x00, 0x19, 0xf5, 0xf6,
    0x1d, 0x00, 0x00, 0x00, 0xc5, 0xff, 0x56, 0x00,
    0x00, 0x00, 0x00, 0x97, 0xff, 0x85, 0x00, 0x00,
    0x00, 0x00, 0x38, 0xff, 0xd9, 0x04, 0x00, 0x00,
    0x23, 0xfa, 0xe9, 0x0d, 0x00, 0x00, 0x00, 0x00,
    0x00, 0xa9, 0xff, 0x65, 0x00, 0x00, 0xa6, 0xff,
    0x68, 0x00, 0x00, 0x00, 0x00, 0x00, 0x00, 0x21,
    0xf9, 0xe4, 0x08, 0x2f, 0xfe, 0xd6, 0x03, 0x00,
    0x00, 0x00, 0x00, 0x00, 0x00, 0x00, 0x8c, 0xff,
    0x74, 0xb5, 0xff, 0x4b, 0x00, 0x00, 0x00, 0x00,
    0x00, 0x00, 0x00, 0x00, 0x10, 0xed, 0xf6, 0xff,
    0xbd, 0x00, 0x00, 0x00, 0x00, 0x00, 0x00, 0x00,
    0x00, 0x00, 0x00, 0x70, 0xff, 0xfd, 0x31, 0x00,
    0x00, 0x00, 0x00, 0x00, 0x00, 0x00, 0x00, 0x00,
    0x00, 0x15, 0xff, 0xd5, 0x00, 0x00, 0x00, 0x00,
    0x00, 0x00, 0x00, 0x00, 0x00, 0x00, 0x00, 0x14,
    0xff, 0xd4, 0x00, 0x00, 0x00, 0x00, 0x00, 0x00,
    0x00, 0x00, 0x00, 0x00, 0x00, 0x14, 0xff, 0xd4,
    0x00, 0x00, 0x00, 0x00, 0x00, 0x00, 0x00, 0x00,
    0x00, 0x00, 0x00, 0x14, 0xff, 0xd4, 0x00, 0x00,
    0x00, 0x00, 0x00, 0x00, 0x00, 0x00, 0x00, 0x00,
    0x00, 0x14, 0xff, 0xd4, 0x00, 0x00, 0x00, 0x00,
    0x00, 0x00, 0x00, 0x00, 0x00, 0x00, 0x00, 0x14,
    0xff, 0xd4, 0x00, 0x00, 0x00, 0x00, 0x00, 0x00,
    0x00, 0x00, 0x00, 0x00, 0x00, 0x14, 0xff, 0xd4,
    0x00, 0x00, 0x00, 0x00, 0x00, 0x00,

    /* U+005A "Z" */
    0x0c, 0xff, 0xff, 0xff, 0xff, 0xff, 0xff, 0xff,
    0xff, 0xff, 0xff, 0xff, 0x04, 0x09, 0xd0, 0xd0,
    0xd0, 0xd0, 0xd0, 0xd0, 0xd0, 0xd0, 0xe9, 0xff,
    0xe9, 0x01, 0x00, 0x00, 0x00, 0x00, 0x00, 0x00,
    0x00, 0x00, 0x0a, 0xde, 0xff, 0x57, 0x00, 0x00,
    0x00, 0x00, 0x00, 0x00, 0x00, 0x00, 0x00, 0x8e,
    0xff, 0xb2, 0x00, 0x00, 0x00, 0x00, 0x00, 0x00,
    0x00, 0x00, 0x00, 0x35, 0xfc, 0xf2, 0x1c, 0x00,
    0x00, 0x00, 0x00, 0x00, 0x00, 0x00, 0x00, 0x05,
    0xd1, 0xff, 0x69, 0x00, 0x00, 0x00, 0x00, 0x00,
    0x00, 0x00, 0x00, 0x00, 0x7c, 0xff, 0xc3, 0x01,
    0x00, 0x00, 0x00, 0x00, 0x00, 0x00, 0x00, 0x00,
    0x27, 0xf8, 0xf8, 0x28, 0x00, 0x00, 0x00, 0x00,
    0x00, 0x00, 0x00, 0x00, 0x01, 0xc3, 0xff, 0x7c,
    0x00, 0x00, 0x00, 0x00, 0x00, 0x00, 0x00, 0x00,
    0x00, 0x69, 0xff, 0xd2, 0x05, 0x00, 0x00, 0x00,
    0x00, 0x00, 0x00, 0x00, 0x00, 0x1b, 0xf1, 0xfd,
    0x36, 0x00, 0x00, 0x00, 0x00, 0x00, 0x00, 0x00,
    0x00, 0x00, 0xb1, 0xff, 0x8e, 0x00, 0x00, 0x00,
    0x00, 0x00, 0x00, 0x00, 0x00, 0x00, 0x57, 0xff,
    0xde, 0x0b, 0x00, 0x00, 0x00, 0x00, 0x00, 0x00,
    0x00, 0x00, 0x12, 0xe8, 0xff, 0x45, 0x00, 0x00,
    0x00, 0x00, 0x00, 0x00, 0x00, 0x00, 0x00, 0xa0,
    0xff, 0xa0, 0x00, 0x00, 0x00, 0x00, 0x00, 0x00,
    0x00, 0x00, 0x00, 0x33, 0xff, 0xff, 0xdb, 0xd0,
    0xd0, 0xd0, 0xd0, 0xd0, 0xd0, 0xd0, 0xd0, 0x4a,
    0x4c, 0xff, 0xff, 0xff, 0xff, 0xff, 0xff, 0xff,
    0xff, 0xff, 0xff, 0xff, 0x5c,

    /* U+005B "[" */
    0x94, 0xff, 0xff, 0xff, 0xff, 0x64, 0x94, 0xff,
    0xbb, 0xa4, 0xa4, 0x40, 0x94, 0xff, 0x40, 0x00,
    0x00, 0x00, 0x94, 0xff, 0x40, 0x00, 0x00, 0x00,
    0x94, 0xff, 0x40, 0x00, 0x00, 0x00, 0x94, 0xff,
    0x40, 0x00, 0x00, 0x00, 0x94, 0xff, 0x40, 0x00,
    0x00, 0x00, 0x94, 0xff, 0x40, 0x00, 0x00, 0x00,
    0x94, 0xff, 0x40, 0x00, 0x00, 0x00, 0x94, 0xff,
    0x40, 0x00, 0x00, 0x00, 0x94, 0xff, 0x40, 0x00,
    0x00, 0x00, 0x94, 0xff, 0x40, 0x00, 0x00, 0x00,
    0x94, 0xff, 0x40, 0x00, 0x00, 0x00, 0x94, 0xff,
    0x40, 0x00, 0x00, 0x00, 0x94, 0xff, 0x40, 0x00,
    0x00, 0x00, 0x94, 0xff, 0x40, 0x00, 0x00, 0x00,
    0x94, 0xff, 0x40, 0x00, 0x00, 0x00, 0x94, 0xff,
    0x40, 0x00, 0x00, 0x00, 0x94, 0xff, 0xbb, 0xa4,
    0xa4, 0x40, 0x94, 0xff, 0xff, 0xff, 0xff, 0x64,

    /* U+005C "\\" */
    0xad, 0xff, 0x3e, 0x00, 0x00, 0x00, 0x00, 0x00,
    0x5f, 0xff, 0x8d, 0x00, 0x00, 0x00, 0x00, 0x00,
    0x13, 0xfc, 0xdb, 0x00, 0x00, 0x00, 0x00, 0x00,
    0x00, 0xc2, 0xff, 0x29, 0x00, 0x00, 0x00, 0x00,
    0x00, 0x74, 0xff, 0x77, 0x00, 0x00, 0x00, 0x00,
    0x00, 0x25, 0xff, 0xc5, 0x00, 0x00, 0x00, 0x00,
    0x00, 0x00, 0xd7, 0xfd, 0x15, 0x00, 0x00, 0x00,
    0x00, 0x00, 0x89, 0xff, 0x61, 0x00, 0x00, 0x00,
    0x00, 0x00, 0x3a, 0xff, 0xaf, 0x00, 0x00, 0x00,
    0x00, 0x00, 0x02, 0xe9, 0xf5, 0x08, 0x00, 0x00,
    0x00, 0x00, 0x00, 0x9e, 0xff, 0x4c, 0x00, 0x00,
    0x00, 0x00, 0x00, 0x4f, 0xff, 0x9a, 0x00, 0x00,
    0x00, 0x00, 0x00, 0x0a, 0xf6, 0xe6, 0x01, 0x00,
    0x00, 0x00, 0x00, 0x00, 0xb3, 0xff, 0x36, 0x00,
    0x00, 0x00, 0x00, 0x00, 0x64, 0xff, 0x84, 0x00,
    0x00, 0x00, 0x00, 0x00, 0x17, 0xfe, 0xd2, 0x00,
    0x00, 0x00, 0x00, 0x00, 0x00, 0xc7, 0xff, 0x21,

    /* U+005D "]" */
    0xb0, 0xff, 0xff, 0xff, 0xff, 0x48, 0x70, 0xa4,
    0xa4, 0xd6, 0xff, 0x48, 0x00, 0x00, 0x00, 0x8c,
    0xff, 0x48, 0x00, 0x00, 0x00, 0x8c, 0xff, 0x48,
    0x00, 0x00, 0x00, 0x8c, 0xff, 0x48, 0x00, 0x00,
    0x00, 0x8c, 0xff, 0x48, 0x00, 0x00, 0x00, 0x8c,
    0xff, 0x48, 0x00, 0x00, 0x00, 0x8c, 0xff, 0x48,
    0x00, 0x00, 0x00, 0x8c, 0xff, 0x48, 0x00, 0x00,
    0x00, 0x8c, 0xff, 0x48, 0x00, 0x00, 0x00, 0x8c,
    0xff, 0x48, 0x00, 0x00, 0x00, 0x8c, 0xff, 0x48,
    0x00, 0x00, 0x00, 0x8c, 0xff, 0x48, 0x00, 0x00,
    0x00, 0x8c, 0xff, 0x48, 0x00, 0x00, 0x00, 0x8c,
    0xff, 0x48, 0x00, 0x00, 0x00, 0x8c, 0xff, 0x48,
    0x00, 0x00, 0x00, 0x8c, 0xff, 0x48, 0x00, 0x00,
    0x00, 0x8c, 0xff, 0x48, 0x70, 0xa4, 0xa4, 0xd6,
    0xff, 0x48, 0xb0, 0xff, 0xff, 0xff, 0xff, 0x48,

    /* U+005E "^" */
    0x00, 0x00, 0x00, 0x42, 0xff, 0xf3, 0x19, 0x00,
    0x00, 0x00, 0x00, 0x00, 0x03, 0xd3, 0xf7, 0xff,
    0xa1, 0x00, 0x00, 0x00, 0x00, 0x00, 0x6c, 0xff,
    0x74, 0xad, 0xfe, 0x36, 0x00, 0x00, 0x00, 0x12,
    0xed, 0xd6, 0x05, 0x1e, 0xf6, 0xc8, 0x01, 0x00,
    0x00, 0x95, 0xff, 0x44, 0x00, 0x00, 0x7d, 0xff,
    0x5d, 0x00, 0x2d, 0xfc, 0xac, 0x00, 0x00, 0x00,
    0x07, 0xdc, 0xe5, 0x0c,

    /* U+005F "_" */
    0xb8, 0xb8, 0xb8, 0xb8, 0xb8, 0xb8, 0xb8, 0xb8,
    0xb8, 0xb8, 0x0e, 0xff, 0xff, 0xff, 0xff, 0xff,
    0xff, 0xff, 0xff, 0xff, 0xff, 0x14,

    /* U+0060 "`" */
    0x00, 0x3e, 0xa8, 0x01, 0x00, 0x01, 0xc1, 0xff,
    0x6f, 0x00, 0x00, 0x0f, 0xcb, 0xf6, 0x26, 0x00,
    0x00, 0x12, 0xd0, 0x7a, 0x00, 0x00, 0x00, 0x0a,
    0x00,

    /* U+0061 "a" */
    0x00, 0x08, 0x74, 0xce, 0xf6, 0xf3, 0xc3, 0x4f,
    0x00, 0x00, 0x0b, 0xd1, 0xff, 0xe9, 0xb5, 0xc8,
    0xfe, 0xff, 0x6a, 0x00, 0x00, 0x76, 0x6c, 0x04,
    0x00, 0x00, 0x40, 0xf9, 0xf3, 0x0a, 0x00, 0x00,
    0x00, 0x00, 0x00, 0x00, 0x00, 0xaa, 0xff, 0x3a,
    0x00, 0x00, 0x00, 0x00, 0x00, 0x00, 0x00, 0x8c,
    0xff, 0x47, 0x00, 0x1b, 0x87, 0xca, 0xee, 0xfc,
    0xff, 0xff, 0xff, 0x48, 0x33, 0xef, 0xff, 0xf2,
    0xc5, 0xb1, 0xac, 0xd9, 0xff, 0x48, 0xc1, 0xff,
    0x79, 0x06, 0x00, 0x00, 0x00, 0x96, 0xff, 0x48,
    0xf3, 0xeb, 0x00, 0x00, 0x00, 0x00, 0x03, 0xd7,
    0xff, 0x48, 0xd8, 0xfe, 0x35, 0x00, 0x00, 0x0e,
    0xa4, 0xff, 0xff, 0x48, 0x6d, 0xff, 0xfb, 0xc2,
    0xbd, 0xf4, 0xdb, 0x9e, 0xff, 0x48, 0x00, 0x62,
    0xd1, 0xf5, 0xe4, 0x92, 0x11, 0x8c, 0xff, 0x48,

    /* U+0062 "b" */
    0x6c, 0xff, 0x68, 0x00, 0x00, 0x00, 0x00, 0x00,
    0x00, 0x00, 0x00, 0x00, 0x6c, 0xff, 0x68, 0x00,
    0x00, 0x00, 0x00, 0x00, 0x00, 0x00, 0x00, 0x00,
    0x6c, 0xff, 0x68, 0x00, 0x00, 0x00, 0x00, 0x00,
    0x00, 0x00, 0x00, 0x00, 0x6c, 0xff, 0x68, 0x00,
    0x00, 0x00, 0x00, 0x00, 0x00, 0x00, 0x00, 0x00,
    0x6c, 0xff, 0x68, 0x00, 0x00, 0x00, 0x00, 0x00,
    0x00, 0x00, 0x00, 0x00, 0x6c, 0xff, 0x68, 0x19,
    0x9b, 0xe8, 0xf3, 0xc8, 0x58, 0x00, 0x00, 0x00,
    0x6c, 0xff, 0x8f, 0xe9, 0xfb, 0xd7, 0xe8, 0xff,
    0xff, 0x8d, 0x00, 0x00, 0x6c, 0xff, 0xff, 0xbe,
    0x1c, 0x00, 0x00, 0x54, 0xf4, 0xff, 0x4b, 0x00,
    0x6c, 0xff, 0xe8, 0x0f, 0x00, 0x00, 0x00, 0x00,
    0x61, 0xff, 0xbc, 0x00, 0x6c, 0xff, 0x8d, 0x00,
    0x00, 0x00, 0x00, 0x00, 0x05, 0xee, 0xfc, 0x04,
    0x6c, 0xff, 0x60, 0x00, 0x00, 0x00, 0x00, 0x00,
    0x00, 0xc5, 0xff, 0x1b, 0x6c, 0xff, 0x5f, 0x00,
    0x00, 0x00, 0x00, 0x00, 0x00, 0xc4, 0xff, 0x12,
    0x6c, 0xff, 0x8a, 0x00, 0x00, 0x00, 0x00, 0x00,
    0x05, 0xee, 0xf2, 0x00, 0x6c, 0xff, 0xe5, 0x0c,
    0x00, 0x00, 0x00, 0x00, 0x65, 0xff, 0xa8, 0x00,
    0x6c, 0xff, 0xff, 0xb7, 0x16, 0x00, 0x01, 0x58,
    0xf5, 0xfd, 0x34, 0x00, 0x6c, 0xff, 0x92, 0xef,
    0xf8, 0xd2, 0xe7, 0xff, 0xff, 0x78, 0x00, 0x00,
    0x6c, 0xff, 0x68, 0x23, 0xa8, 0xec, 0xf3, 0xc4,
    0x4e, 0x00, 0x00, 0x00,

    /* U+0063 "c" */
    0x00, 0x00, 0x2f, 0xa2, 0xe1, 0xf7, 0xdb, 0x84,
    0x0e, 0x00, 0x00, 0x56, 0xf8, 0xff, 0xdd, 0xc4,
    0xee, 0xff, 0xdd, 0x1f, 0x21, 0xf4, 0xf7, 0x54,
    0x00, 0x00, 0x08, 0x83, 0xff, 0x7a, 0x8c, 0xff,
    0x83, 0x00, 0x00, 0x00, 0x00, 0x00, 0x2d, 0x00,
    0xd4, 0xff, 0x17, 0x00, 0x00, 0x00, 0x00, 0x00,
    0x00, 0x00, 0xf0, 0xf0, 0x00, 0x00, 0x00, 0x00,
    0x00, 0x00, 0x00, 0x00, 0xef, 0xf2, 0x00, 0x00,
    0x00, 0x00, 0x00, 0x00, 0x00, 0x00, 0xd1, 0xff,
    0x18, 0x00, 0x00, 0x00, 0x00, 0x00, 0x00, 0x00,
    0x88, 0xff, 0x84, 0x00, 0x00, 0x00, 0x00, 0x00,
    0x2a, 0x00, 0x1e, 0xf2, 0xf7, 0x50, 0x00, 0x00,
    0x06, 0x7f, 0xff, 0x78, 0x00, 0x51, 0xf7, 0xff,
    0xd9, 0xc0, 0xec, 0xff, 0xdd, 0x20, 0x00, 0x00,
    0x2c, 0xa0, 0xe1, 0xf8, 0xdb, 0x84, 0x0e, 0x00,

    /* U+0064 "d" */
    0x00, 0x00, 0x00, 0x00, 0x00, 0x00, 0x00, 0x00,
    0x3c, 0xff, 0x98, 0x00, 0x00, 0x00, 0x00, 0x00,
    0x00, 0x00, 0x00, 0x3c, 0xff, 0x98, 0x00, 0x00,
    0x00, 0x00, 0x00, 0x00, 0x00, 0x00, 0x3c, 0xff,
    0x98, 0x00, 0x00, 0x00, 0x00, 0x00, 0x00, 0x00,
    0x00, 0x3c, 0xff, 0x98, 0x00, 0x00, 0x00, 0x00,
    0x00, 0x00, 0x00, 0x00, 0x3c, 0xff, 0x98, 0x00,
    0x00, 0x3d, 0xb7, 0xec, 0xef, 0xae, 0x29, 0x3c,
    0xff, 0x98, 0x00, 0x63, 0xfc, 0xff, 0xf2, 0xd9,
    0xf8, 0xf5, 0x79, 0xff, 0x98, 0x27, 0xf8, 0xfd,
    0x73, 0x06, 0x00, 0x12, 0xa4, 0xff, 0xff, 0x98,
    0x92, 0xff, 0x89, 0x00, 0x00, 0x00, 0x00, 0x02,
    0xcd, 0xff, 0x98, 0xd7, 0xff, 0x1c, 0x00, 0x00,
    0x00, 0x00, 0x00, 0x65, 0xff, 0x98, 0xf2, 0xec,
    0x00, 0x00, 0x00, 0x00, 0x00, 0x00, 0x38, 0xff,
    0x98, 0xec, 0xec, 0x00, 0x00, 0x00, 0x00, 0x00,
    0x00, 0x39, 0xff, 0x98, 0xcd, 0xff, 0x1d, 0x00,
    0x00, 0x00, 0x00, 0x00, 0x65, 0xff, 0x98, 0x83,
    0xff, 0x8f, 0x00, 0x00, 0x00, 0x00, 0x02, 0xcc,
    0xff, 0x98, 0x19, 0xf1, 0xfe, 0x7b, 0x07, 0x00,
    0x0f, 0xa0, 0xff, 0xff, 0x98, 0x00, 0x51, 0xf9,
    0xff, 0xf3, 0xd8, 0xf6, 0xfa, 0x80, 0xff, 0x98,
    0x00, 0x00, 0x35, 0xb3, 0xec, 0xf1, 0xb8, 0x36,
    0x3c, 0xff, 0x98,

    /* U+0065 "e" */
    0x00, 0x00, 0x41, 0xb6, 0xed, 0xf9, 0xdd, 0x90,
    0x15, 0x00, 0x00, 0x00, 0x6b, 0xfe, 0xff, 0xd1,
    0xb9, 0xe8, 0xff, 0xe1, 0x1b, 0x00, 0x2d, 0xfb,
    0xf8, 0x4b, 0x00, 0x00, 0x07, 0x9d, 0xff, 0xad,
    0x00, 0x99, 0xff, 0x7a, 0x00, 0x00, 0x00, 0x00,
    0x08, 0xe5, 0xfd, 0x0f, 0xd8, 0xff, 0x1d, 0x00,
    0x00, 0x00, 0x00, 0x00, 0xb0, 0xff, 0x36, 0xf3,
    0xff, 0xff, 0xff, 0xff, 0xff, 0xff, 0xff, 0xff,
    0xff, 0x3a, 0xf4, 0xfa, 0xa8, 0xa8, 0xa8, 0xa8,
    0xa8, 0xa8, 0xa8, 0xa8, 0x19, 0xd9, 0xff, 0x15,
    0x00, 0x00, 0x00, 0x00, 0x00, 0x00, 0x00, 0x00,
    0x97, 0xff, 0x6f, 0x00, 0x00, 0x00, 0x00, 0x00,
    0x1a, 0x00, 0x00, 0x29, 0xf9, 0xf3, 0x4e, 0x00,
    0x00, 0x00, 0x42, 0xee, 0xad, 0x00, 0x00, 0x5f,
    0xfc, 0xff, 0xda, 0xb5, 0xd2, 0xff, 0xf8, 0x50,
    0x00, 0x00, 0x00, 0x34, 0xa9, 0xe7, 0xfa, 0xe6,
    0xa5, 0x2d, 0x00, 0x00,

    /* U+0066 "f" */
    0x00, 0x00, 0x00, 0x4f, 0xcd, 0xf5, 0xea, 0x3a,
    0x00, 0x00, 0x3e, 0xfe, 0xff, 0xc9, 0xc4, 0x42,
    0x00, 0x00, 0xa4, 0xff, 0x66, 0x00, 0x00, 0x00,
    0x00, 0x00, 0xc7, 0xff, 0x0f, 0x00, 0x00, 0x00,
    0x00, 0x00, 0xcc, 0xff, 0x08, 0x00, 0x00, 0x00,
    0x90, 0xff, 0xff, 0xff, 0xff, 0xff, 0xff, 0x38,
    0x67, 0xb8, 0xf1, 0xff, 0xba, 0xb8, 0xb8, 0x28,
    0x00, 0x00, 0xcc, 0xff, 0x08, 0x00, 0x00, 0x00,
    0x00, 0x00, 0xcc, 0xff, 0x08, 0x00, 0x00, 0x00,
    0x00, 0x00, 0xcc, 0xff, 0x08, 0x00, 0x00, 0x00,
    0x00, 0x00, 0xcc, 0xff, 0x08, 0x00, 0x00, 0x00,
    0x00, 0x00, 0xcc, 0xff, 0x08, 0x00, 0x00, 0x00,
    0x00, 0x00, 0xcc, 0xff, 0x08, 0x00, 0x00, 0x00,
    0x00, 0x00, 0xcc, 0xff, 0x08, 0x00, 0x00, 0x00,
    0x00, 0x00, 0xcc, 0xff, 0x08, 0x00, 0x00, 0x00,
    0x00, 0x00, 0xcc, 0xff, 0x08, 0x00, 0x00, 0x00,
    0x00, 0x00, 0xcc, 0xff, 0x08, 0x00, 0x00, 0x00,

    /* U+0067 "g" */
    0x00, 0x00, 0x3b, 0xb5, 0xec, 0xef, 0xae, 0x29,
    0x3c, 0xff, 0x98, 0x00, 0x61, 0xfc, 0xff, 0xf2,
    0xd9, 0xf8, 0xf5, 0x79, 0xff, 0x98, 0x27, 0xf8,
    0xfd, 0x73, 0x06, 0x00, 0x12, 0xa4, 0xff, 0xff,
    0x98, 0x92, 0xff, 0x89, 0x00, 0x00, 0x00, 0x00,
    0x02, 0xcd, 0xff, 0x98, 0xd7, 0xff, 0x1c, 0x00,
    0x00, 0x00, 0x00, 0x00, 0x65, 0xff, 0x98, 0xf2,
    0xec, 0x00, 0x00, 0x00, 0x00, 0x00, 0x00, 0x38,
    0xff, 0x98, 0xec, 0xec, 0x00, 0x00, 0x00, 0x00,
    0x00, 0x00, 0x3e, 0xff, 0x98, 0xcc, 0xff, 0x1d,
    0x00, 0x00, 0x00, 0x00, 0x00, 0x65, 0xff, 0x98,
    0x80, 0xff, 0x8f, 0x00, 0x00, 0x00, 0x00, 0x01,
    0xd0, 0xff, 0x98, 0x17, 0xef, 0xfe, 0x7b, 0x08,
    0x00, 0x0a, 0x95, 0xff, 0xff, 0x98, 0x00, 0x4d,
    0xf8, 0xff, 0xf3, 0xd7, 0xf4, 0xfa, 0x7f, 0xff,
    0x98, 0x00, 0x00, 0x33, 0xb1, 0xec, 0xf1, 0xb9,
    0x36, 0x3e, 0xff, 0x93, 0x00, 0x00, 0x00, 0x00,
    0x00, 0x00, 0x00, 0x00, 0x5d, 0xff, 0x7e, 0x00,
    0x1e, 0x07, 0x00, 0x00, 0x00, 0x00, 0x00, 0xa7,
    0xff, 0x49, 0x46, 0xf4, 0xbb, 0x22, 0x00, 0x00,
    0x01, 0x6e, 0xff, 0xdf, 0x04, 0x08, 0xb8, 0xff,
    0xfe, 0xd2, 0xc2, 0xe9, 0xff, 0xf2, 0x3a, 0x00,
    0x00, 0x01, 0x5c, 0xbb, 0xea, 0xfa, 0xe3, 0x9e,
    0x25, 0x00, 0x00,

    /* U+0068 "h" */
    0x6c, 0xff, 0x68, 0x00, 0x00, 0x00, 0x00, 0x00,
    0x00, 0x00, 0x00, 0x6c, 0xff, 0x68, 0x00, 0x00,
    0x00, 0x00, 0x00, 0x00, 0x00, 0x00, 0x6c, 0xff,
    0x68, 0x00, 0x00, 0x00, 0x00, 0x00, 0x00, 0x00,
    0x00, 0x6c, 0xff, 0x68, 0x00, 0x00, 0x00, 0x00,
    0x00, 0x00, 0x00, 0x00, 0x6c, 0xff, 0x68, 0x00,
    0x00, 0x00, 0x00, 0x00, 0x00, 0x00, 0x00, 0x6c,
    0xff, 0x68, 0x21, 0xa2, 0xea, 0xf6, 0xca, 0x51,
    0x00, 0x00, 0x6c, 0xff, 0x93, 0xf0, 0xe5, 0xb9,
    0xda, 0xff, 0xff, 0x5d, 0x00, 0x6c, 0xff, 0xff,
    0x86, 0x04, 0x00, 0x01, 0x82, 0xff, 0xe5, 0x02,
    0x6c, 0xff, 0xc5, 0x00, 0x00, 0x00, 0x00, 0x02,
    0xd6, 0xff, 0x2a, 0x6c, 0xff, 0x80, 0x00, 0x00,
    0x00, 0x00, 0x00, 0x9f, 0xff, 0x40, 0x6c, 0xff,
    0x68, 0x00, 0x00, 0x00, 0x00, 0x00, 0x90, 0xff,
    0x44, 0x6c, 0xff, 0x68, 0x00, 0x00, 0x00, 0x00,
    0x00, 0x90, 0xff, 0x44, 0x6c, 0xff, 0x68, 0x00,
    0x00, 0x00, 0x00, 0x00, 0x90, 0xff, 0x44, 0x6c,
    0xff, 0x68, 0x00, 0x00, 0x00, 0x00, 0x00, 0x90,
    0xff, 0x44, 0x6c, 0xff, 0x68, 0x00, 0x00, 0x00,
    0x00, 0x00, 0x90, 0xff, 0x44, 0x6c, 0xff, 0x68,
    0x00, 0x00, 0x00, 0x00, 0x00, 0x90, 0xff, 0x44,
    0x6c, 0xff, 0x68, 0x00, 0x00, 0x00, 0x00, 0x00,
    0x90, 0xff, 0x44,

    /* U+0069 "i" */
    0x3d, 0xf0, 0xa6, 0x71, 0xff, 0xeb, 0x0d, 0x71,
    0x39, 0x00, 0x00, 0x00, 0x00, 0x00, 0x00, 0x2c,
    0xff, 0xa8, 0x2c, 0xff, 0xa8, 0x2c, 0xff, 0xa8,
    0x2c, 0xff, 0xa8, 0x2c, 0xff, 0xa8, 0x2c, 0xff,
    0xa8, 0x2c, 0xff, 0xa8, 0x2c, 0xff, 0xa8, 0x2c,
    0xff, 0xa8, 0x2c, 0xff, 0xa8, 0x2c, 0xff, 0xa8,
    0x2c, 0xff, 0xa8,

    /* U+006A "j" */
    0x00, 0x00, 0x00, 0x3a, 0xef, 0xaa, 0x00, 0x00,
    0x00, 0x6d, 0xff, 0xef, 0x00, 0x00, 0x00, 0x0c,
    0x70, 0x3b, 0x00, 0x00, 0x00, 0x00, 0x00, 0x00,
    0x00, 0x00, 0x00, 0x00, 0x00, 0x00, 0x00, 0x00,
    0x00, 0x28, 0xff, 0xac, 0x00, 0x00, 0x00, 0x28,
    0xff, 0xac, 0x00, 0x00, 0x00, 0x28, 0xff, 0xac,
    0x00, 0x00, 0x00, 0x28, 0xff, 0xac, 0x00, 0x00,
    0x00, 0x28, 0xff, 0xac, 0x00, 0x00, 0x00, 0x28,
    0xff, 0xac, 0x00, 0x00, 0x00, 0x28, 0xff, 0xac,
    0x00, 0x00, 0x00, 0x28, 0xff, 0xac, 0x00, 0x00,
    0x00, 0x28, 0xff, 0xac, 0x00, 0x00, 0x00, 0x28,
    0xff, 0xac, 0x00, 0x00, 0x00, 0x28, 0xff, 0xac,
    0x00, 0x00, 0x00, 0x28, 0xff, 0xac, 0x00, 0x00,
    0x00, 0x28, 0xff, 0xac, 0x00, 0x00, 0x00, 0x33,
    0xff, 0xa7, 0x00, 0x00, 0x00, 0x8b, 0xff, 0x88,
    0x28, 0xc6, 0xd1, 0xff, 0xfd, 0x30, 0x21, 0xdb,
    0xf5, 0xd1, 0x52, 0x00,

    /* U+006B "k" */
    0x6c, 0xff, 0x68, 0x00, 0x00, 0x00, 0x00, 0x00,
    0x00, 0x00, 0x6c, 0xff, 0x68, 0x00, 0x00, 0x00,
    0x00, 0x00, 0x00, 0x00, 0x6c, 0xff, 0x68, 0x00,
    0x00, 0x00, 0x00, 0x00, 0x00, 0x00, 0x6c, 0xff,
    0x68, 0x00, 0x00, 0x00, 0x00, 0x00, 0x00, 0x00,
    0x6c, 0xff, 0x68, 0x00, 0x00, 0x00, 0x00, 0x00,
    0x00, 0x00, 0x6c, 0xff, 0x68, 0x00, 0x00, 0x00,
    0x52, 0xfb, 0xf5, 0x41, 0x6c, 0xff, 0x68, 0x00,
    0x00, 0x50, 0xfa, 0xf5, 0x41, 0x00, 0x6c, 0xff,
    0x68, 0x00, 0x4d, 0xfa, 0xf5, 0x40, 0x00, 0x00,
    0x6c, 0xff, 0x68, 0x4b, 0xf9, 0xf5, 0x40, 0x00,
    0x00, 0x00, 0x6c, 0xff, 0xad, 0xf8, 0xf4, 0x3f,
    0x00, 0x00, 0x00, 0x00, 0x6c, 0xff, 0xff, 0xff,
    0xf0, 0x23, 0x00, 0x00, 0x00, 0x00, 0x6c, 0xff,
    0xf2, 0x95, 0xff, 0xce, 0x07, 0x00, 0x00, 0x00,
    0x6c, 0xff, 0x70, 0x00, 0xaa, 0xff, 0x98, 0x00,
    0x00, 0x00, 0x6c, 0xff, 0x68, 0x00, 0x0e, 0xdb,
    0xff, 0x59, 0x00, 0x00, 0x6c, 0xff, 0x68, 0x00,
    0x00, 0x31, 0xf8, 0xf3, 0x27, 0x00, 0x6c, 0xff,
    0x68, 0x00, 0x00, 0x00, 0x69, 0xff, 0xd3, 0x09,
    0x6c, 0xff, 0x68, 0x00, 0x00, 0x00, 0x00, 0xa8,
    0xff, 0x9f,

    /* U+006C "l" */
    0x6c, 0xff, 0x68, 0x00, 0x6c, 0xff, 0x68, 0x00,
    0x6c, 0xff, 0x68, 0x00, 0x6c, 0xff, 0x68, 0x00,
    0x6c, 0xff, 0x68, 0x00, 0x6c, 0xff, 0x68, 0x00,
    0x6c, 0xff, 0x68, 0x00, 0x6c, 0xff, 0x68, 0x00,
    0x6c, 0xff, 0x68, 0x00, 0x6c, 0xff, 0x68, 0x00,
    0x6c, 0xff, 0x68, 0x00, 0x6c, 0xff, 0x68, 0x00,
    0x6c, 0xff, 0x68, 0x00, 0x6c, 0xff, 0x68, 0x00,
    0x6b, 0xff, 0x78, 0x00, 0x50, 0xff, 0xf4, 0xa2,
    0x04, 0xa4, 0xf3, 0xdc,

    /* U+006D "m" */
    0x6c, 0xff, 0x68, 0x2c, 0xb7, 0xf4, 0xe0, 0x72,
    0x00, 0x00, 0x31, 0xb3, 0xef, 0xf3, 0xb7, 0x2c,
    0x00, 0x6c, 0xff, 0x97, 0xf3, 0xd8, 0xbb, 0xf1,
    0xff, 0x7a, 0x3e, 0xf6, 0xe7, 0xb9, 0xe3, 0xff,
    0xef, 0x1e, 0x6c, 0xff, 0xff, 0x6c, 0x00, 0x00,
    0x1c, 0xe0, 0xf5, 0xe4, 0xa5, 0x07, 0x00, 0x07,
    0xb5, 0xff, 0x91, 0x6c, 0xff, 0xbc, 0x00, 0x00,
    0x00, 0x00, 0x69, 0xff, 0xf0, 0x0e, 0x00, 0x00,
    0x00, 0x29, 0xff, 0xcf, 0x6c, 0xff, 0x7d, 0x00,
    0x00, 0x00, 0x00, 0x38, 0xff, 0xc0, 0x00, 0x00,
    0x00, 0x00, 0x01, 0xf7, 0xe5, 0x6c, 0xff, 0x68,
    0x00, 0x00, 0x00, 0x00, 0x2c, 0xff, 0xac, 0x00,
    0x00, 0x00, 0x00, 0x00, 0xec, 0xe8, 0x6c, 0xff,
    0x68, 0x00, 0x00, 0x00, 0x00, 0x2c, 0xff, 0xac,
    0x00, 0x00, 0x00, 0x00, 0x00, 0xec, 0xe8, 0x6c,
    0xff, 0x68, 0x00, 0x00, 0x00, 0x00, 0x2c, 0xff,
    0xac, 0x00, 0x00, 0x00, 0x00, 0x00, 0xec, 0xe8,
    0x6c, 0xff, 0x68, 0x00, 0x00, 0x00, 0x00, 0x2c,
    0xff, 0xac, 0x00, 0x00, 0x00, 0x00, 0x00, 0xec,
    0xe8, 0x6c, 0xff, 0x68, 0x00, 0x00, 0x00, 0x00,
    0x2c, 0xff, 0xac, 0x00, 0x00, 0x00, 0x00, 0x00,
    0xec, 0xe8, 0x6c, 0xff, 0x68, 0x00, 0x00, 0x00,
    0x00, 0x2c, 0xff, 0xac, 0x00, 0x00, 0x00, 0x00,
    0x00, 0xec, 0xe8, 0x6c, 0xff, 0x68, 0x00, 0x00,
    0x00, 0x00, 0x2c, 0xff, 0xac, 0x00, 0x00, 0x00,
    0x00, 0x00, 0xec, 0xe8,

    /* U+006E "n" */
    0x6c, 0xff, 0x68, 0x21, 0xa2, 0xea, 0xf6, 0xca,
    0x51, 0x00, 0x00, 0x6c, 0xff, 0x93, 0xf0, 0xe5,
    0xb9, 0xda, 0xff, 0xff, 0x5d, 0x00, 0x6c, 0xff,
    0xff, 0x86, 0x04, 0x00, 0x01, 0x82, 0xff, 0xe5,
    0x02, 0x6c, 0xff, 0xc5, 0x00, 0x00, 0x00, 0x00,
    0x02, 0xd6, 0xff, 0x2a, 0x6c, 0xff, 0x80, 0x00,
    0x00, 0x00, 0x00, 0x00, 0x9f, 0xff, 0x40, 0x6c,
    0xff, 0x68, 0x00, 0x00, 0x00, 0x00, 0x00, 0x90,
    0xff, 0x44, 0x6c, 0xff, 0x68, 0x00, 0x00, 0x00,
    0x00, 0x00, 0x90, 0xff, 0x44, 0x6c, 0xff, 0x68,
    0x00, 0x00, 0x00, 0x00, 0x00, 0x90, 0xff, 0x44,
    0x6c, 0xff, 0x68, 0x00, 0x00, 0x00, 0x00, 0x00,
    0x90, 0xff, 0x44, 0x6c, 0xff, 0x68, 0x00, 0x00,
    0x00, 0x00, 0x00, 0x90, 0xff, 0x44, 0x6c, 0xff,
    0x68, 0x00, 0x00, 0x00, 0x00, 0x00, 0x90, 0xff,
    0x44, 0x6c, 0xff, 0x68, 0x00, 0x00, 0x00, 0x00,
    0x00, 0x90, 0xff, 0x44,

    /* U+006F "o" */
    0x00, 0x00, 0x38, 0xab, 0xe5, 0xf7, 0xda, 0x89,
    0x15, 0x00, 0x00, 0x00, 0x61, 0xfb, 0xff, 0xd6,
    0xbf, 0xea, 0xff, 0xe0, 0x24, 0x00, 0x27, 0xf8,
    0xf4, 0x48, 0x00, 0x00, 0x05, 0x8c, 0xff, 0xc5,
    0x01, 0x91, 0xff, 0x7d, 0x00, 0x00, 0x00, 0x00,
    0x01, 0xd0, 0xff, 0x39, 0xd5, 0xff, 0x15, 0x00,
    0x00, 0x00, 0x00, 0x00, 0x69, 0xff, 0x80, 0xf0,
    0xf0, 0x00, 0x00, 0x00, 0x00, 0x00, 0x00, 0x45,
    0xff, 0x9b, 0xf1, 0xf0, 0x00, 0x00, 0x00, 0x00,
    0x00, 0x00, 0x45, 0xff, 0x9b, 0xd5, 0xff, 0x15,
    0x00, 0x00, 0x00, 0x00, 0x00, 0x69, 0xff, 0x80,
    0x91, 0xff, 0x7d, 0x00, 0x00, 0x00, 0x00, 0x01,
    0xd0, 0xff, 0x3a, 0x28, 0xf8, 0xf4, 0x47, 0x00,
    0x00, 0x04, 0x8b, 0xff, 0xc7, 0x01, 0x00, 0x62,
    0xfb, 0xff, 0xd5, 0xbe, 0xe9, 0xff, 0xe1, 0x24,
    0x00, 0x00, 0x00, 0x38, 0xac, 0xe6, 0xf7, 0xda,
    0x8a, 0x15, 0x00, 0x00,

    /* U+0070 "p" */
    0x6c, 0xff, 0x68, 0x18, 0x9b, 0xe8, 0xf3, 0xc8,
    0x58, 0x00, 0x00, 0x00, 0x6c, 0xff, 0x8b, 0xe7,
    0xfc, 0xdb, 0xeb, 0xff, 0xff, 0x8f, 0x00, 0x00,
    0x6c, 0xff, 0xff, 0xc1, 0x1f, 0x00, 0x01, 0x58,
    0xf4, 0xff, 0x4b, 0x00, 0x6c, 0xff, 0xea, 0x10,
    0x00, 0x00, 0x00, 0x00, 0x60, 0xff, 0xbb, 0x00,
    0x6c, 0xff, 0x8e, 0x00, 0x00, 0x00, 0x00, 0x00,
    0x04, 0xec, 0xfc, 0x04, 0x6c, 0xff, 0x60, 0x00,
    0x00, 0x00, 0x00, 0x00, 0x00, 0xc1, 0xff, 0x1b,
    0x6c, 0xff, 0x5f, 0x00, 0x00, 0x00, 0x00, 0x00,
    0x00, 0xc0, 0xff, 0x12, 0x6c, 0xff, 0x8a, 0x00,
    0x00, 0x00, 0x00, 0x00, 0x04, 0xec, 0xf2, 0x00,
    0x6c, 0xff, 0xe5, 0x0c, 0x00, 0x00, 0x00, 0x00,
    0x60, 0xff, 0xa8, 0x00, 0x6c, 0xff, 0xff, 0xb7,
    0x15, 0x00, 0x00, 0x53, 0xf3, 0xfd, 0x34, 0x00,
    0x6c, 0xff, 0x92, 0xef, 0xf8, 0xd2, 0xe6, 0xff,
    0xff, 0x78, 0x00, 0x00, 0x6c, 0xff, 0x68, 0x24,
    0xaa, 0xec, 0xf3, 0xc4, 0x4e, 0x00, 0x00, 0x00,
    0x6c, 0xff, 0x68, 0x00, 0x00, 0x00, 0x00, 0x00,
    0x00, 0x00, 0x00, 0x00, 0x6c, 0xff, 0x68, 0x00,
    0x00, 0x00, 0x00, 0x00, 0x00, 0x00, 0x00, 0x00,
    0x6c, 0xff, 0x68, 0x00, 0x00, 0x00, 0x00, 0x00,
    0x00, 0x00, 0x00, 0x00, 0x6c, 0xff, 0x68, 0x00,
    0x00, 0x00, 0x00, 0x00, 0x00, 0x00, 0x00, 0x00,
    0x6c, 0xff, 0x68, 0x00, 0x00, 0x00, 0x00, 0x00,
    0x00, 0x00, 0x00, 0x00,

    /* U+0071 "q" */
    0x00, 0x00, 0x3d, 0xb7, 0xec, 0xef, 0xae, 0x29,
    0x3c, 0xff, 0x98, 0x00, 0x61, 0xfc, 0xff, 0xf2,
    0xd9, 0xf8, 0xf6, 0x79, 0xff, 0x98, 0x26, 0xf7,
    0xfd, 0x77, 0x06, 0x00, 0x13, 0xa8, 0xff, 0xff,
    0x98, 0x91, 0xff, 0x8c, 0x00, 0x00, 0x00, 0x00,
    0x03, 0xcf, 0xff, 0x98, 0xd6, 0xff, 0x1d, 0x00,
    0x00, 0x00, 0x00, 0x00, 0x66, 0xff, 0x98, 0xf2,
    0xec, 0x00, 0x00, 0x00, 0x00, 0x00, 0x00, 0x39,
    0xff, 0x98, 0xed, 0xec, 0x00, 0x00, 0x00, 0x00,
    0x00, 0x00, 0x37, 0xff, 0x98, 0xce, 0xff, 0x1c,
    0x00, 0x00, 0x00, 0x00, 0x00, 0x64, 0xff, 0x98,
    0x84, 0xff, 0x8d, 0x00, 0x00, 0x00, 0x00, 0x02,
    0xcb, 0xff, 0x98, 0x1b, 0xf1, 0xfd, 0x77, 0x06,
    0x00, 0x0d, 0x9c, 0xff, 0xff, 0x98, 0x00, 0x53,
    0xfa, 0xff, 0xf0, 0xd4, 0xf4, 0xfc, 0x84, 0xff,
    0x98, 0x00, 0x00, 0x37, 0xb4, 0xed, 0xf2, 0xbc,
    0x3c, 0x3c, 0xff, 0x98, 0x00, 0x00, 0x00, 0x00,
    0x00, 0x00, 0x00, 0x00, 0x3c, 0xff, 0x98, 0x00,
    0x00, 0x00, 0x00, 0x00, 0x00, 0x00, 0x00, 0x3c,
    0xff, 0x98, 0x00, 0x00, 0x00, 0x00, 0x00, 0x00,
    0x00, 0x00, 0x3c, 0xff, 0x98, 0x00, 0x00, 0x00,
    0x00, 0x00, 0x00, 0x00, 0x00, 0x3c, 0xff, 0x98,
    0x00, 0x00, 0x00, 0x00, 0x00, 0x00, 0x00, 0x00,
    0x3c, 0xff, 0x98,

    /* U+0072 "r" */
    0x6c, 0xff, 0x68, 0x00, 0x5c, 0xc7, 0xf3, 0x04,
    0x6c, 0xff, 0x68, 0x9e, 0xff, 0xff, 0xfe, 0x03,
    0x6c, 0xff, 0xd4, 0xee, 0x75, 0x23, 0x04, 0x00,
    0x6c, 0xff, 0xf1, 0x28, 0x00, 0x00, 0x00, 0x00,
    0x6c, 0xff, 0x8e, 0x00, 0x00, 0x00, 0x00, 0x00,
    0x6c, 0xff, 0x69, 0x00, 0x00, 0x00, 0x00, 0x00,
    0x6c, 0xff, 0x68, 0x00, 0x00, 0x00, 0x00, 0x00,
    0x6c, 0xff, 0x68, 0x00, 0x00, 0x00, 0x00, 0x00,
    0x6c, 0xff, 0x68, 0x00, 0x00, 0x00, 0x00, 0x00,
    0x6c, 0xff, 0x68, 0x00, 0x00, 0x00, 0x00, 0x00,
    0x6c, 0xff, 0x68, 0x00, 0x00, 0x00, 0x00, 0x00,
    0x6c, 0xff, 0x68, 0x00, 0x00, 0x00, 0x00, 0x00,

    /* U+0073 "s" */
    0x00, 0x00, 0x3d, 0xb6, 0xe5, 0xf7, 0xd7, 0x83,
    0x0c, 0x00, 0x00, 0x56, 0xfe, 0xfe, 0xc7, 0xb6,
    0xe9, 0xff, 0xd8, 0x17, 0x00, 0xd4, 0xff, 0x41,
    0x00, 0x00, 0x06, 0x8f, 0xfd, 0x65, 0x00, 0xf2,
    0xf1, 0x01, 0x00, 0x00, 0x00, 0x00, 0x2b, 0x00,
    0x00, 0xbe, 0xff, 0xa1, 0x1a, 0x00, 0x00, 0x00,
    0x00, 0x00, 0x00, 0x22, 0xde, 0xff, 0xfe, 0xca,
    0x7d, 0x28, 0x00, 0x00, 0x00, 0x00, 0x08, 0x5f,
    0xb0, 0xef, 0xff, 0xfd, 0x91, 0x01, 0x00, 0x00,
    0x00, 0x00, 0x00, 0x03, 0x47, 0xd8, 0xff, 0x67,
    0x00, 0x1c, 0x2c, 0x00, 0x00, 0x00, 0x00, 0x44,
    0xff, 0xa5, 0x1c, 0xf4, 0xe6, 0x3a, 0x00, 0x00,
    0x00, 0x83, 0xff, 0x89, 0x00, 0x74, 0xfe, 0xff,
    0xd2, 0xb7, 0xda, 0xff, 0xec, 0x1e, 0x00, 0x00,
    0x41, 0xb1, 0xe7, 0xf7, 0xdb, 0x98, 0x1d, 0x00,

    /* U+0074 "t" */
    0x00, 0x00, 0xbc, 0xff, 0x18, 0x00, 0x00, 0x00,
    0x00, 0x00, 0xbc, 0xff, 0x18, 0x00, 0x00, 0x00,
    0x00, 0x00, 0xbc, 0xff, 0x18, 0x00, 0x00, 0x00,
    0x00, 0x00, 0xbc, 0xff, 0x18, 0x00, 0x00, 0x00,
    0x90, 0xff, 0xff, 0xff, 0xff, 0xff, 0xff, 0x74,
    0x67, 0xb8, 0xec, 0xff, 0xbe, 0xb8, 0xb8, 0x53,
    0x00, 0x00, 0xbc, 0xff, 0x18, 0x00, 0x00, 0x00,
    0x00, 0x00, 0xbc, 0xff, 0x18, 0x00, 0x00, 0x00,
    0x00, 0x00, 0xbc, 0xff, 0x18, 0x00, 0x00, 0x00,
    0x00, 0x00, 0xbc, 0xff, 0x18, 0x00, 0x00, 0x00,
    0x00, 0x00, 0xbc, 0xff, 0x18, 0x00, 0x00, 0x00,
    0x00, 0x00, 0xbc, 0xff, 0x18, 0x00, 0x00, 0x00,
    0x00, 0x00, 0xb6, 0xff, 0x21, 0x00, 0x00, 0x00,
    0x00, 0x00, 0x96, 0xff, 0x74, 0x00, 0x00, 0x00,
    0x00, 0x00, 0x38, 0xfe, 0xff, 0xca, 0xcb, 0x2b,
    0x00, 0x00, 0x00, 0x54, 0xd0, 0xf7, 0xea, 0x25,

    /* U+0075 "u" */
    0x88, 0xff, 0x4c, 0x00, 0x00, 0x00, 0x00, 0x00,
    0xac, 0xff, 0x28, 0x88, 0xff, 0x4c, 0x00, 0x00,
    0x00, 0x00, 0x00, 0xac, 0xff, 0x28, 0x88, 0xff,
    0x4c, 0x00, 0x00, 0x00, 0x00, 0x00, 0xac, 0xff,
    0x28, 0x88, 0xff, 0x4c, 0x00, 0x00, 0x00, 0x00,
    0x00, 0xac, 0xff, 0x28, 0x88, 0xff, 0x4c, 0x00,
    0x00, 0x00, 0x00, 0x00, 0xac, 0xff, 0x28, 0x88,
    0xff, 0x4c, 0x00, 0x00, 0x00, 0x00, 0x00, 0xac,
    0xff, 0x28, 0x88, 0xff, 0x4c, 0x00, 0x00, 0x00,
    0x00, 0x00, 0xac, 0xff, 0x28, 0x85, 0xff, 0x5a,
    0x00, 0x00, 0x00, 0x00, 0x00, 0xc5, 0xff, 0x28,
    0x70, 0xff, 0x91, 0x00, 0x00, 0x00, 0x00, 0x17,
    0xf4, 0xff, 0x28, 0x2e, 0xff, 0xf8, 0x41, 0x00,
    0x00, 0x15, 0xbc, 0xff, 0xff, 0x28, 0x00, 0xa4,
    0xff, 0xfd, 0xcc, 0xc3, 0xf3, 0xc9, 0xb6, 0xff,
    0x28, 0x00, 0x04, 0x7f, 0xdd, 0xf9, 0xde, 0x83,
    0x09, 0xac, 0xff, 0x28,

    /* U+0076 "v" */
    0xb1, 0xff, 0x49, 0x00, 0x00, 0x00, 0x00, 0x00,
    0x16, 0xfb, 0xde, 0x01, 0x52, 0xff, 0xa4, 0x00,
    0x00, 0x00, 0x00, 0x00, 0x6d, 0xff, 0x7f, 0x00,
    0x06, 0xec, 0xf4, 0x0b, 0x00, 0x00, 0x00, 0x00,
    0xc9, 0xfe, 0x21, 0x00, 0x00, 0x94, 0xff, 0x5b,
    0x00, 0x00, 0x00, 0x24, 0xff, 0xbf, 0x00, 0x00,
    0x00, 0x35, 0xff, 0xb7, 0x00, 0x00, 0x00, 0x80,
    0xff, 0x5f, 0x00, 0x00, 0x00, 0x00, 0xd5, 0xfb,
    0x16, 0x00, 0x00, 0xda, 0xf3, 0x0b, 0x00, 0x00,
    0x00, 0x00, 0x77, 0xff, 0x6d, 0x00, 0x37, 0xff,
    0x9f, 0x00, 0x00, 0x00, 0x00, 0x00, 0x1b, 0xfd,
    0xc9, 0x00, 0x92, 0xff, 0x3f, 0x00, 0x00, 0x00,
    0x00, 0x00, 0x00, 0xb9, 0xff, 0x28, 0xe9, 0xde,
    0x01, 0x00, 0x00, 0x00, 0x00, 0x00, 0x00, 0x5a,
    0xff, 0xc8, 0xff, 0x7f, 0x00, 0x00, 0x00, 0x00,
    0x00, 0x00, 0x00, 0x09, 0xf1, 0xff, 0xfe, 0x21,
    0x00, 0x00, 0x00, 0x00, 0x00, 0x00, 0x00, 0x00,
    0x9c, 0xff, 0xbf, 0x00, 0x00, 0x00, 0x00, 0x00,

    /* U+0077 "w" */
    0xb7, 0xff, 0x49, 0x00, 0x00, 0x00, 0x00, 0x62,
    0xff, 0xe4, 0x00, 0x00, 0x00, 0x00, 0x00, 0xbe,
    0xff, 0x3e, 0x64, 0xff, 0x94, 0x00, 0x00, 0x00,
    0x00, 0xac, 0xff, 0xff, 0x30, 0x00, 0x00, 0x00,
    0x0e, 0xfa, 0xe9, 0x02, 0x14, 0xfc, 0xdf, 0x00,
    0x00, 0x00, 0x04, 0xf0, 0xe2, 0xff, 0x7b, 0x00,
    0x00, 0x00, 0x55, 0xff, 0x99, 0x00, 0x00, 0xbf,
    0xff, 0x2b, 0x00, 0x00, 0x40, 0xff, 0x70, 0xe3,
    0xc6, 0x00, 0x00, 0x00, 0xa0, 0xff, 0x47, 0x00,
    0x00, 0x6c, 0xff, 0x77, 0x00, 0x00, 0x8a, 0xff,
    0x26, 0x9a, 0xfd, 0x14, 0x00, 0x02, 0xe9, 0xef,
    0x05, 0x00, 0x00, 0x1b, 0xfe, 0xc2, 0x00, 0x00,
    0xd4, 0xdc, 0x00, 0x50, 0xff, 0x5c, 0x00, 0x37,
    0xff, 0xa2, 0x00, 0x00, 0x00, 0x00, 0xc7, 0xfc,
    0x11, 0x1e, 0xff, 0x92, 0x00, 0x0c, 0xf9, 0xa7,
    0x00, 0x83, 0xff, 0x50, 0x00, 0x00, 0x00, 0x00,
    0x74, 0xff, 0x59, 0x69, 0xff, 0x48, 0x00, 0x00,
    0xbb, 0xee, 0x03, 0xce, 0xf4, 0x09, 0x00, 0x00,
    0x00, 0x00, 0x21, 0xff, 0xa4, 0xb3, 0xf5, 0x08,
    0x00, 0x00, 0x71, 0xff, 0x57, 0xfe, 0xab, 0x00,
    0x00, 0x00, 0x00, 0x00, 0x00, 0xcf, 0xef, 0xf5,
    0xb4, 0x00, 0x00, 0x00, 0x26, 0xff, 0xe5, 0xff,
    0x59, 0x00, 0x00, 0x00, 0x00, 0x00, 0x00, 0x7c,
    0xff, 0xff, 0x6a, 0x00, 0x00, 0x00, 0x00, 0xdb,
    0xff, 0xf9, 0x0e, 0x00, 0x00, 0x00, 0x00, 0x00,
    0x00, 0x29, 0xff, 0xff, 0x20, 0x00, 0x00, 0x00,
    0x00, 0x91, 0xff, 0xb5, 0x00, 0x00, 0x00, 0x00,

    /* U+0078 "x" */
    0x32, 0xfa, 0xec, 0x15, 0x00, 0x00, 0x00, 0x0d,
    0xe5, 0xfb, 0x32, 0x00, 0x7d, 0xff, 0xa8, 0x00,
    0x00, 0x00, 0x91, 0xff, 0x84, 0x00, 0x00, 0x04,
    0xca, 0xff, 0x4e, 0x00, 0x31, 0xfc, 0xd3, 0x06,
    0x00, 0x00, 0x00, 0x28, 0xf6, 0xe4, 0x11, 0xca,
    0xfb, 0x33, 0x00, 0x00, 0x00, 0x00, 0x00, 0x6f,
    0xff, 0xd9, 0xff, 0x84, 0x00, 0x00, 0x00, 0x00,
    0x00, 0x00, 0x01, 0xc9, 0xff, 0xd4, 0x06, 0x00,
    0x00, 0x00, 0x00, 0x00, 0x00, 0x21, 0xf3, 0xff,
    0xe1, 0x0e, 0x00, 0x00, 0x00, 0x00, 0x00, 0x01,
    0xc0, 0xff, 0xb2, 0xff, 0x9c, 0x00, 0x00, 0x00,
    0x00, 0x00, 0x6f, 0xff, 0xaa, 0x03, 0xcb, 0xff,
    0x49, 0x00, 0x00, 0x00, 0x25, 0xf6, 0xed, 0x16,
    0x00, 0x30, 0xfb, 0xe4, 0x10, 0x00, 0x02, 0xc6,
    0xff, 0x5d, 0x00, 0x00, 0x00, 0x88, 0xff, 0xa1,
    0x00, 0x76, 0xff, 0xb7, 0x00, 0x00, 0x00, 0x00,
    0x09, 0xdc, 0xff, 0x4d,

    /* U+0079 "y" */
    0xaf, 0xff, 0x5b, 0x00, 0x00, 0x00, 0x00, 0x00,
    0x08, 0xf1, 0xf8, 0x12, 0x4b, 0xff, 0xbb, 0x00,
    0x00, 0x00, 0x00, 0x00, 0x56, 0xff, 0xa8, 0x00,
    0x03, 0xe4, 0xfd, 0x1d, 0x00, 0x00, 0x00, 0x00,
    0xb2, 0xff, 0x45, 0x00, 0x00, 0x85, 0xff, 0x7b,
    0x00, 0x00, 0x00, 0x12, 0xfa, 0xe1, 0x02, 0x00,
    0x00, 0x22, 0xfe, 0xda, 0x00, 0x00, 0x00, 0x69,
    0xff, 0x81, 0x00, 0x00, 0x00, 0x00, 0xbe, 0xff,
    0x3b, 0x00, 0x00, 0xc5, 0xfe, 0x20, 0x00, 0x00,
    0x00, 0x00, 0x5b, 0xff, 0x9b, 0x00, 0x21, 0xff,
    0xbc, 0x00, 0x00, 0x00, 0x00, 0x00, 0x08, 0xef,
    0xf1, 0x09, 0x7c, 0xff, 0x5a, 0x00, 0x00, 0x00,
    0x00, 0x00, 0x00, 0x94, 0xff, 0x5b, 0xd7, 0xef,
    0x08, 0x00, 0x00, 0x00, 0x00, 0x00, 0x00, 0x31,
    0xff, 0xe1, 0xff, 0x95, 0x00, 0x00, 0x00, 0x00,
    0x00, 0x00, 0x00, 0x00, 0xce, 0xff, 0xff, 0x33,
    0x00, 0x00, 0x00, 0x00, 0x00, 0x00, 0x00, 0x00,
    0x74, 0xff, 0xd0, 0x00, 0x00, 0x00, 0x00, 0x00,
    0x00, 0x00, 0x00, 0x00, 0xa5, 0xff, 0x6e, 0x00,
    0x00, 0x00, 0x00, 0x00, 0x00, 0x00, 0x00, 0x0e,
    0xf6, 0xf9, 0x13, 0x00, 0x00, 0x00, 0x00, 0x00,
    0x00, 0x00, 0x00, 0x63, 0xff, 0xa9, 0x00, 0x00,
    0x00, 0x00, 0x00, 0x00, 0x00, 0x00, 0x00, 0xc2,
    0xff, 0x47, 0x00, 0x00, 0x00, 0x00, 0x00, 0x00,
    0x00, 0x00, 0x21, 0xfe, 0xe2, 0x02, 0x00, 0x00,
    0x00, 0x00, 0x00, 0x00,

    /* U+007A "z" */
    0x34, 0xff, 0xff, 0xff, 0xff, 0xff, 0xff, 0xff,
    0xff, 0xb8, 0x00, 0x25, 0xb8, 0xb8, 0xb8, 0xb8,
    0xb8, 0xb8, 0xf4, 0xff, 0x9d, 0x00, 0x00, 0x00,
    0x00, 0x00, 0x00, 0x00, 0x51, 0xff, 0xe2, 0x12,
    0x00, 0x00, 0x00, 0x00, 0x00, 0x00, 0x20, 0xef,
    0xfb, 0x3a, 0x00, 0x00, 0x00, 0x00, 0x00, 0x00,
    0x05, 0xc8, 0xff, 0x78, 0x00, 0x00, 0x00, 0x00,
    0x00, 0x00, 0x00, 0x8d, 0xff, 0xb9, 0x01, 0x00,
    0x00, 0x00, 0x00, 0x00, 0x00, 0x4c, 0xfe, 0xe6,
    0x16, 0x00, 0x00, 0x00, 0x00, 0x00, 0x00, 0x1d,
    0xec, 0xfd, 0x42, 0x00, 0x00, 0x00, 0x00, 0x00,
    0x00, 0x04, 0xc4, 0xff, 0x81, 0x00, 0x00, 0x00,
    0x00, 0x00, 0x00, 0x00, 0x88, 0xff, 0xc1, 0x03,
    0x00, 0x00, 0x00, 0x00, 0x00, 0x00, 0x32, 0xfe,
    0xff, 0xcc, 0xb8, 0xb8, 0xb8, 0xb8, 0xb8, 0xb8,
    0x05, 0x4c, 0xff, 0xff, 0xff, 0xff, 0xff, 0xff,
    0xff, 0xff, 0xff, 0x08,

    /* U+007B "{" */
    0x00, 0x00, 0x00, 0x00, 0x50, 0xc5, 0xf4, 0x2f,
    0x00, 0x00, 0x00, 0x44, 0xfe, 0xff, 0xd0, 0x23,
    0x00, 0x00, 0x00, 0xaa, 0xff, 0x58, 0x00, 0x00,
    0x00, 0x00, 0x00, 0xce, 0xf5, 0x00, 0x00, 0x00,
    0x00, 0x00, 0x00, 0xd4, 0xe4, 0x00, 0x00, 0x00,
    0x00, 0x00, 0x00, 0xd4, 0xe4, 0x00, 0x00, 0x00,
    0x00, 0x00, 0x00, 0xdb, 0xe0, 0x00, 0x00, 0x00,
    0x00, 0x00, 0x07, 0xf7, 0xc9, 0x00, 0x00, 0x00,
    0x00, 0x01, 0x84, 0xff, 0x80, 0x00, 0x00, 0x00,
    0x60, 0xe1, 0xff, 0xaf, 0x08, 0x00, 0x00, 0x00,
    0x80, 0xff, 0xf5, 0x69, 0x00, 0x00, 0x00, 0x00,
    0x04, 0x2a, 0xb8, 0xff, 0x62, 0x00, 0x00, 0x00,
    0x00, 0x00, 0x15, 0xfc, 0xc1, 0x00, 0x00, 0x00,
    0x00, 0x00, 0x00, 0xe1, 0xdd, 0x00, 0x00, 0x00,
    0x00, 0x00, 0x00, 0xd4, 0xe4, 0x00, 0x00, 0x00,
    0x00, 0x00, 0x00, 0xd4, 0xe4, 0x00, 0x00, 0x00,
    0x00, 0x00, 0x00, 0xce, 0xf4, 0x00, 0x00, 0x00,
    0x00, 0x00, 0x00, 0xad, 0xff, 0x57, 0x00, 0x00,
    0x00, 0x00, 0x00, 0x47, 0xff, 0xff, 0xd0, 0x23,
    0x00, 0x00, 0x00, 0x00, 0x53, 0xc7, 0xf5, 0x2f,

    /* U+007C "|" */
    0x6c, 0xff, 0x68, 0x6c, 0xff, 0x68, 0x6c, 0xff,
    0x68, 0x6c, 0xff, 0x68, 0x6c, 0xff, 0x68, 0x6c,
    0xff, 0x68, 0x6c, 0xff, 0x68, 0x6c, 0xff, 0x68,
    0x6c, 0xff, 0x68, 0x6c, 0xff, 0x68, 0x6c, 0xff,
    0x68, 0x6c, 0xff, 0x68, 0x6c, 0xff, 0x68, 0x6c,
    0xff, 0x68, 0x6c, 0xff, 0x68, 0x6c, 0xff, 0x68,
    0x6c, 0xff, 0x68, 0x6c, 0xff, 0x68, 0x6c, 0xff,
    0x68, 0x6c, 0xff, 0x68,

    /* U+007D "}" */
    0x7d, 0xeb, 0xae, 0x29, 0x00, 0x00, 0x00, 0x00,
    0x60, 0xe2, 0xff, 0xe9, 0x10, 0x00, 0x00, 0x00,
    0x00, 0x02, 0xa1, 0xff, 0x62, 0x00, 0x00, 0x00,
    0x00, 0x00, 0x42, 0xff, 0x85, 0x00, 0x00, 0x00,
    0x00, 0x00, 0x30, 0xff, 0x8c, 0x00, 0x00, 0x00,
    0x00, 0x00, 0x30, 0xff, 0x8c, 0x00, 0x00, 0x00,
    0x00, 0x00, 0x2c, 0xff, 0x93, 0x00, 0x00, 0x00,
    0x00, 0x00, 0x16, 0xff, 0xb5, 0x00, 0x00, 0x00,
    0x00, 0x00, 0x00, 0xcd, 0xfc, 0x3d, 0x00, 0x00,
    0x00, 0x00, 0x00, 0x2a, 0xd8, 0xfd, 0xd1, 0x23,
    0x00, 0x00, 0x00, 0x0c, 0x99, 0xff, 0xff, 0x30,
    0x00, 0x00, 0x00, 0xa9, 0xff, 0x80, 0x19, 0x00,
    0x00, 0x00, 0x0e, 0xfc, 0xc7, 0x00, 0x00, 0x00,
    0x00, 0x00, 0x29, 0xff, 0x98, 0x00, 0x00, 0x00,
    0x00, 0x00, 0x30, 0xff, 0x8c, 0x00, 0x00, 0x00,
    0x00, 0x00, 0x30, 0xff, 0x8c, 0x00, 0x00, 0x00,
    0x00, 0x00, 0x42, 0xff, 0x86, 0x00, 0x00, 0x00,
    0x00, 0x02, 0xa0, 0xff, 0x65, 0x00, 0x00, 0x00,
    0x60, 0xe1, 0xff, 0xed, 0x13, 0x00, 0x00, 0x00,
    0x7e, 0xed, 0xb1, 0x2d, 0x00, 0x00, 0x00, 0x00,

    /* U+007E "~" */
    0x01, 0x83, 0xed, 0xe1, 0x7e, 0x12, 0x00, 0x37,
    0xcd, 0x2f, 0x7d, 0xff, 0xda, 0xe0, 0xff, 0xf6,
    0xcb, 0xf8, 0xe5, 0x12, 0x76, 0xa6, 0x01, 0x00,
    0x48, 0xbb, 0xf3, 0xbe, 0x26, 0x00,

    /* U+007F "" */

    /* U+4E8E "于" */
    0x00, 0x04, 0x0c, 0x0c, 0x0c, 0x0c, 0x0c, 0x0c,
    0x0c, 0x0c, 0x0c, 0x0c, 0x0c, 0x0c, 0x0c, 0x0c,
    0x0c, 0x0a, 0x00, 0x00, 0x00, 0x58, 0xff, 0xff,
    0xff, 0xff, 0xff, 0xff, 0xff, 0xff, 0xff, 0xff,
    0xff, 0xff, 0xff, 0xff, 0xff, 0xe0, 0x00, 0x00,
    0x00, 0x35, 0x9c, 0x9c, 0x9c, 0x9c, 0x9c, 0x9c,
    0x9c, 0xeb, 0xff, 0x9d, 0x9c, 0x9c, 0x9c, 0x9c,
    0x9c, 0x88, 0x00, 0x00, 0x00, 0x00, 0x00, 0x00,
    0x00, 0x00, 0x00, 0x00, 0x00, 0xcc, 0xff, 0x04,
    0x00, 0x00, 0x00, 0x00, 0x00, 0x00, 0x00, 0x00,
    0x00, 0x00, 0x00, 0x00, 0x00, 0x00, 0x00, 0x00,
    0x00, 0xcc, 0xff, 0x04, 0x00, 0x00, 0x00, 0x00,
    0x00, 0x00, 0x00, 0x00, 0x00, 0x00, 0x00, 0x00,
    0x00, 0x00, 0x00, 0x00, 0x00, 0xcc, 0xff, 0x04,
    0x00, 0x00, 0x00, 0x00, 0x00, 0x00, 0x00, 0x00,
    0x00, 0x00, 0x00, 0x00, 0x00, 0x00, 0x00, 0x00,
    0x00, 0xcc, 0xff, 0x04, 0x00, 0x00, 0x00, 0x00,
    0x00, 0x00, 0x00, 0x00, 0x0a, 0x0c, 0x0c, 0x0c,
    0x0c, 0x0c, 0x0c, 0x0c, 0x0c, 0xce, 0xff, 0x0f,
    0x0c, 0x0c, 0x0c, 0x0c, 0x0c, 0x0c, 0x0c, 0x05,
    0xe8, 0xff, 0xff, 0xff, 0xff, 0xff, 0xff, 0xff,
    0xff, 0xff, 0xff, 0xff, 0xff, 0xff, 0xff, 0xff,
    0xff, 0xff, 0xff, 0x6c, 0x94, 0xa4, 0xa4, 0xa4,
    0xa4, 0xa4, 0xa4, 0xa4, 0xa4, 0xed, 0xff, 0xa5,
    0xa4, 0xa4, 0xa4, 0xa4, 0xa4, 0xa4, 0xa4, 0x45,
    0x00, 0x00, 0x00, 0x00, 0x00, 0x00, 0x00, 0x00,
    0x00, 0xcc, 0xff, 0x04, 0x00, 0x00, 0x00, 0x00,
    0x00, 0x00, 0x00, 0x00, 0x00, 0x00, 0x00, 0x00,
    0x00, 0x00, 0x00, 0x00, 0x00, 0xcc, 0xff, 0x04,
    0x00, 0x00, 0x00, 0x00, 0x00, 0x00, 0x00, 0x00,
    0x00, 0x00, 0x00, 0x00, 0x00, 0x00, 0x00, 0x00,
    0x00, 0xcc, 0xff, 0x04, 0x00, 0x00, 0x00, 0x00,
    0x00, 0x00, 0x00, 0x00, 0x00, 0x00, 0x00, 0x00,
    0x00, 0x00, 0x00, 0x00, 0x00, 0xcc, 0xff, 0x04,
    0x00, 0x00, 0x00, 0x00, 0x00, 0x00, 0x00, 0x00,
    0x00, 0x00, 0x00, 0x00, 0x00, 0x00, 0x00, 0x00,
    0x00, 0xcc, 0xff, 0x04, 0x00, 0x00, 0x00, 0x00,
    0x00, 0x00, 0x00, 0x00, 0x00, 0x00, 0x00, 0x00,
    0x00, 0x00, 0x00, 0x00, 0x00, 0xcc, 0xff, 0x04,
    0x00, 0x00, 0x00, 0x00, 0x00, 0x00, 0x00, 0x00,
    0x00, 0x00, 0x00, 0x00, 0x00, 0x00, 0x00, 0x00,
    0x06, 0xe7, 0xfd, 0x01, 0x00, 0x00, 0x00, 0x00,
    0x00, 0x00, 0x00, 0x00, 0x00, 0x00, 0x00, 0x00,
    0x55, 0xb8, 0xb8, 0xba, 0xe1, 0xff, 0xda, 0x00,
    0x00, 0x00, 0x00, 0x00, 0x00, 0x00, 0x00, 0x00,
    0x00, 0x00, 0x00, 0x00, 0x4c, 0xff, 0xff, 0xff,
    0xf6, 0xcb, 0x3c, 0x00, 0x00, 0x00, 0x00, 0x00,
    0x00, 0x00, 0x00, 0x00,

    /* U+5173 "关" */
    0x00, 0x00, 0x00, 0x00, 0x3e, 0x35, 0x00, 0x00,
    0x00, 0x00, 0x00, 0x00, 0x00, 0x06, 0x9a, 0x28,
    0x00, 0x00, 0x00, 0x00, 0x00, 0x00, 0x00, 0x17,
    0xf3, 0xe4, 0x17, 0x00, 0x00, 0x00, 0x00, 0x00,
    0x00, 0x8b, 0xff, 0xa0, 0x00, 0x00, 0x00, 0x00,
    0x00, 0x00, 0x00, 0x00, 0x5e, 0xff, 0xc0, 0x03,
    0x00, 0x00, 0x00, 0x00, 0x48, 0xfe, 0xda, 0x0d,
    0x00, 0x00, 0x00, 0x00, 0x00, 0x00, 0x00, 0x00,
    0x00, 0x9d, 0xff, 0x8c, 0x00, 0x00, 0x00, 0x1b,
    0xeb, 0xf5, 0x2d, 0x00, 0x00, 0x00, 0x00, 0x00,
    0x00, 0x06, 0x0c, 0x0c, 0x0c, 0x15, 0xc7, 0x58,
    0x0c, 0x0c, 0x0f, 0xc6, 0xff, 0x67, 0x0c, 0x0c,
    0x0c, 0x0c, 0x00, 0x00, 0x00, 0x94, 0xff, 0xff,
    0xff, 0xff, 0xff, 0xff, 0xff, 0xff, 0xff, 0xff,
    0xff, 0xff, 0xff, 0xff, 0xff, 0xff, 0x04, 0x00,
    0x00, 0x55, 0x94, 0x94, 0x94, 0x94, 0x94, 0x94,
    0xa4, 0xff, 0xd5, 0x94, 0x94, 0x94, 0x94, 0x94,
    0x94, 0x94, 0x02, 0x00, 0x00, 0x00, 0x00, 0x00,
    0x00, 0x00, 0x00, 0x00, 0x28, 0xff, 0x99, 0x00,
    0x00, 0x00, 0x00, 0x00, 0x00, 0x00, 0x00, 0x00,
    0x00, 0x00, 0x00, 0x00, 0x00, 0x00, 0x00, 0x00,
    0x28, 0xff, 0x97, 0x00, 0x00, 0x00, 0x00, 0x00,
    0x00, 0x00, 0x00, 0x00, 0x00, 0x00, 0x00, 0x00,
    0x00, 0x00, 0x00, 0x00, 0x28, 0xff, 0x95, 0x00,
    0x00, 0x00, 0x00, 0x00, 0x00, 0x00, 0x00, 0x00,
    0x60, 0xac, 0xac, 0xac, 0xac, 0xac, 0xac, 0xac,
    0xb9, 0xff, 0xdc, 0xac, 0xac, 0xac, 0xac, 0xac,
    0xac, 0xac, 0xac, 0x0d, 0x90, 0xff, 0xff, 0xff,
    0xff, 0xff, 0xff, 0xff, 0xff, 0xff, 0xff, 0xff,
    0xff, 0xff, 0xff, 0xff, 0xff, 0xff, 0xff, 0x14,
    0x04, 0x08, 0x08, 0x08, 0x08, 0x08, 0x08, 0x08,
    0x8c, 0xff, 0xf4, 0x17, 0x08, 0x08, 0x08, 0x08,
    0x08, 0x08, 0x08, 0x00, 0x00, 0x00, 0x00, 0x00,
    0x00, 0x00, 0x00, 0x12, 0xed, 0xf6, 0xff, 0x86,
    0x00, 0x00, 0x00, 0x00, 0x00, 0x00, 0x00, 0x00,
    0x00, 0x00, 0x00, 0x00, 0x00, 0x00, 0x02, 0xb0,
    0xff, 0x61, 0xc3, 0xfb, 0x3e, 0x00, 0x00, 0x00,
    0x00, 0x00, 0x00, 0x00, 0x00, 0x00, 0x00, 0x00,
    0x00, 0x05, 0xa1, 0xff, 0xae, 0x00, 0x27, 0xf4,
    0xed, 0x37, 0x00, 0x00, 0x00, 0x00, 0x00, 0x00,
    0x00, 0x00, 0x00, 0x00, 0x27, 0xc7, 0xff, 0xbc,
    0x09, 0x00, 0x00, 0x4a, 0xfb, 0xf6, 0x69, 0x00,
    0x00, 0x00, 0x00, 0x00, 0x00, 0x00, 0x19, 0x8f,
    0xfa, 0xff, 0x99, 0x06, 0x00, 0x00, 0x00, 0x00,
    0x46, 0xef, 0xff, 0xca, 0x48, 0x01, 0x00, 0x00,
    0x36, 0xa1, 0xf8, 0xff, 0xe0, 0x4e, 0x00, 0x00,
    0x00, 0x00, 0x00, 0x00, 0x00, 0x18, 0xa6, 0xff,
    0xff, 0xdb, 0x84, 0x1b, 0x83, 0xff, 0xe7, 0x73,
    0x09, 0x00, 0x00, 0x00, 0x00, 0x00, 0x00, 0x00,
    0x00, 0x00, 0x00, 0x3e, 0xac, 0xf9, 0xf7, 0x17,
    0x0e, 0x5a, 0x06, 0x00, 0x00, 0x00, 0x00, 0x00,
    0x00, 0x00, 0x00, 0x00, 0x00, 0x00, 0x00, 0x00,
    0x00, 0x14, 0x43, 0x00,

    /* U+51B2 "冲" */
    0x00, 0x00, 0x00, 0x00, 0x00, 0x00, 0x00, 0x00,
    0x00, 0x00, 0x00, 0x15, 0x28, 0x03, 0x00, 0x00,
    0x00, 0x00, 0x00, 0x00, 0x01, 0x01, 0x00, 0x00,
    0x00, 0x00, 0x00, 0x00, 0x00, 0x00, 0x8c, 0xff,
    0x14, 0x00, 0x00, 0x00, 0x00, 0x00, 0x24, 0xce,
    0x58, 0x00, 0x00, 0x00, 0x00, 0x00, 0x00, 0x00,
    0x00, 0x8c, 0xff, 0x14, 0x00, 0x00, 0x00, 0x00,
    0x00, 0x0a, 0xe6, 0xdc, 0x05, 0x00, 0x00, 0x00,
    0x00, 0x00, 0x00, 0x00, 0x8c, 0xff, 0x14, 0x00,
    0x00, 0x00, 0x00, 0x00, 0x00, 0x6d, 0xff, 0x6a,
    0x00, 0x00, 0x00, 0x00, 0x00, 0x00, 0x00, 0x8c,
    0xff, 0x14, 0x00, 0x00, 0x00, 0x00, 0x00, 0x00,
    0x07, 0xe3, 0xe6, 0x09, 0x00, 0x6d, 0x9c, 0x9c,
    0x9c, 0x9c, 0xd2, 0xff, 0xa3, 0x9c, 0x9c, 0x9c,
    0x9c, 0x2e, 0x00, 0x00, 0x6b, 0xff, 0x72, 0x00,
    0xb4, 0xff, 0xff, 0xff, 0xff, 0xff, 0xff, 0xff,
    0xff, 0xff, 0xff, 0xff, 0x4c, 0x00, 0x00, 0x07,
    0xe3, 0xe9, 0x0a, 0xb4, 0xf4, 0x0c, 0x0c, 0x0c,
    0x91, 0xff, 0x1f, 0x0c, 0x0c, 0x6b, 0xff, 0x4c,
    0x00, 0x00, 0x00, 0x5e, 0x5e, 0x00, 0xb4, 0xf4,
    0x00, 0x00, 0x00, 0x8c, 0xff, 0x14, 0x00, 0x00,
    0x64, 0xff, 0x4c, 0x00, 0x00, 0x00, 0x00, 0x00,
    0x00, 0xb4, 0xf4, 0x00, 0x00, 0x00, 0x8c, 0xff,
    0x14, 0x00, 0x00, 0x64, 0xff, 0x4c, 0x00, 0x00,
    0x00, 0x00, 0x00, 0x00, 0xb4, 0xf4, 0x00, 0x00,
    0x00, 0x8c, 0xff, 0x14, 0x00, 0x00, 0x64, 0xff,
    0x4c, 0x00, 0x00, 0x00, 0x98, 0xa5, 0x03, 0xb4,
    0xf4, 0x00, 0x00, 0x00, 0x8c, 0xff, 0x14, 0x00,
    0x00, 0x64, 0xff, 0x4c, 0x00, 0x00, 0x08, 0xf1,
    0xc4, 0x00, 0xb4, 0xf4, 0x00, 0x00, 0x00, 0x8c,
    0xff, 0x14, 0x00, 0x00, 0x64, 0xff, 0x4c, 0x00,
    0x00, 0x56, 0xff, 0x68, 0x00, 0xb4, 0xff, 0xf8,
    0xf8, 0xf8, 0xfc, 0xff, 0xf8, 0xf8, 0xf8, 0xfb,
    0xff, 0x4c, 0x00, 0x00, 0xb7, 0xf8, 0x11, 0x00,
    0x84, 0xbc, 0xbc, 0xbc, 0xbc, 0xe1, 0xff, 0xc1,
    0xbc, 0xbc, 0xbc, 0xbc, 0x37, 0x00, 0x1c, 0xfd,
    0xab, 0x00, 0x00, 0x00, 0x00, 0x00, 0x00, 0x00,
    0x8c, 0xff, 0x14, 0x00, 0x00, 0x00, 0x00, 0x00,
    0x00, 0x7d, 0xff, 0x4c, 0x00, 0x00, 0x00, 0x00,
    0x00, 0x00, 0x00, 0x8c, 0xff, 0x14, 0x00, 0x00,
    0x00, 0x00, 0x00, 0x02, 0xdf, 0xe6, 0x04, 0x00,
    0x00, 0x00, 0x00, 0x00, 0x00, 0x00, 0x8c, 0xff,
    0x14, 0x00, 0x00, 0x00, 0x00, 0x00, 0x4b, 0xff,
    0x87, 0x00, 0x00, 0x00, 0x00, 0x00, 0x00, 0x00,
    0x00, 0x8c, 0xff, 0x14, 0x00, 0x00, 0x00, 0x00,
    0x00, 0x22, 0x8d, 0x20, 0x00, 0x00, 0x00, 0x00,
    0x00, 0x00, 0x00, 0x00, 0x8c, 0xff, 0x14, 0x00,
    0x00, 0x00, 0x00, 0x00, 0x00, 0x00, 0x00, 0x00,
    0x00, 0x00, 0x00, 0x00, 0x00, 0x00, 0x00, 0x8c,
    0xff, 0x14, 0x00, 0x00, 0x00, 0x00, 0x00,

    /* U+5206 "分" */
    0x00, 0x00, 0x00, 0x00, 0x00, 0x00, 0x08, 0x50,
    0x03, 0x00, 0x00, 0x56, 0xa7, 0x00, 0x00, 0x00,
    0x00, 0x00, 0x00, 0x00, 0x00, 0x00, 0x00, 0x00,
    0x00, 0x00, 0x73, 0xff, 0x65, 0x00, 0x00, 0x86,
    0xff, 0x43, 0x00, 0x00, 0x00, 0x00, 0x00, 0x00,
    0x00, 0x00, 0x00, 0x00, 0x00, 0x0d, 0xeb, 0xe2,
    0x07, 0x00, 0x00, 0x1e, 0xfa, 0xc0, 0x00, 0x00,
    0x00, 0x00, 0x00, 0x00, 0x00, 0x00, 0x00, 0x00,
    0x00, 0x9c, 0xff, 0x65, 0x00, 0x00, 0x00, 0x00,
    0x9c, 0xff, 0x51, 0x00, 0x00, 0x00, 0x00, 0x00,
    0x00, 0x00, 0x00, 0x00, 0x51, 0xff, 0xc1, 0x02,
    0x00, 0x00, 0x00, 0x00, 0x19, 0xf2, 0xe6, 0x16,
    0x00, 0x00, 0x00, 0x00, 0x00, 0x00, 0x00, 0x2c,
    0xee, 0xf1, 0x1f, 0x00, 0x00, 0x00, 0x00, 0x00,
    0x00, 0x63, 0xff, 0xc5, 0x0a, 0x00, 0x00, 0x00,
    0x00, 0x00, 0x22, 0xe6, 0xfc, 0x4f, 0x00, 0x00,
    0x00, 0x00, 0x00, 0x00, 0x00, 0x00, 0x99, 0xff,
    0xc2, 0x11, 0x00, 0x00, 0x00, 0x31, 0xe1, 0xfe,
    0x5f, 0x00, 0x00, 0x00, 0x00, 0x00, 0x00, 0x00,
    0x00, 0x00, 0x03, 0xa4, 0xff, 0xdc, 0x33, 0x00,
    0x52, 0xf6, 0xfa, 0x64, 0x00, 0x00, 0x00, 0x00,
    0x00, 0x00, 0x00, 0x00, 0x00, 0x00, 0x00, 0x01,
    0x89, 0xff, 0xfb, 0x72, 0x49, 0xeb, 0x3f, 0xd9,
    0xf4, 0xf4, 0xf4, 0xf4, 0xf4, 0xf4, 0xf4, 0xf4,
    0xf4, 0xf4, 0xf4, 0xe5, 0x00, 0x52, 0xec, 0x56,
    0x00, 0x12, 0x00, 0x8a, 0x9c, 0x9c, 0xdf, 0xfb,
    0x9c, 0x9c, 0x9c, 0x9c, 0x9c, 0x9c, 0xf3, 0xe1,
    0x00, 0x00, 0x14, 0x00, 0x00, 0x00, 0x00, 0x00,
    0x00, 0x00, 0xbb, 0xe9, 0x00, 0x00, 0x00, 0x00,
    0x00, 0x00, 0xec, 0xd0, 0x00, 0x00, 0x00, 0x00,
    0x00, 0x00, 0x00, 0x00, 0x00, 0x00, 0xdd, 0xd2,
    0x00, 0x00, 0x00, 0x00, 0x00, 0x02, 0xfd, 0xbe,
    0x00, 0x00, 0x00, 0x00, 0x00, 0x00, 0x00, 0x00,
    0x00, 0x0c, 0xfd, 0xb3, 0x00, 0x00, 0x00, 0x00,
    0x00, 0x13, 0xff, 0xab, 0x00, 0x00, 0x00, 0x00,
    0x00, 0x00, 0x00, 0x00, 0x00, 0x55, 0xff, 0x7a,
    0x00, 0x00, 0x00, 0x00, 0x00, 0x26, 0xff, 0x97,
    0x00, 0x00, 0x00, 0x00, 0x00, 0x00, 0x00, 0x00,
    0x01, 0xcc, 0xfe, 0x29, 0x00, 0x00, 0x00, 0x00,
    0x00, 0x3b, 0xff, 0x83, 0x00, 0x00, 0x00, 0x00,
    0x00, 0x00, 0x00, 0x00, 0x88, 0xff, 0xa6, 0x00,
    0x00, 0x00, 0x00, 0x00, 0x00, 0x55, 0xff, 0x6c,
    0x00, 0x00, 0x00, 0x00, 0x00, 0x00, 0x06, 0x94,
    0xff, 0xda, 0x11, 0x00, 0x00, 0x00, 0x00, 0x00,
    0x00, 0x9c, 0xff, 0x4a, 0x00, 0x00, 0x00, 0x00,
    0x00, 0x40, 0xd1, 0xff, 0xdc, 0x22, 0x00, 0x00,
    0x4a, 0x98, 0x98, 0x9c, 0xc2, 0xff, 0xf2, 0x0e,
    0x00, 0x00, 0x00, 0x00, 0x2c, 0xfc, 0xff, 0xaf,
    0x11, 0x00, 0x00, 0x00, 0x55, 0xff, 0xff, 0xff,
    0xf3, 0xc5, 0x3f, 0x00, 0x00, 0x00, 0x00, 0x00,
    0x00, 0x6c, 0x59, 0x00, 0x00, 0x00, 0x00, 0x00,
    0x00, 0x00, 0x00, 0x00, 0x00, 0x00, 0x00, 0x00,
    0x00, 0x00, 0x00, 0x00,

    /* U+5236 "制" */
    0x00, 0x00, 0x00, 0x00, 0x00, 0x0a, 0x20, 0x07,
    0x00, 0x00, 0x00, 0x00, 0x00, 0x00, 0x00, 0x00,
    0x00, 0x00, 0x00, 0x00, 0x00, 0x09, 0x00, 0x00,
    0x54, 0xff, 0x3c, 0x00, 0x00, 0x00, 0x00, 0x00,
    0x00, 0x00, 0x00, 0x00, 0xd5, 0x98, 0x00, 0x00,
    0xc8, 0xb7, 0x00, 0x54, 0xff, 0x3c, 0x00, 0x00,
    0x00, 0x00, 0x00, 0x00, 0x00, 0x00, 0x00, 0xec,
    0xa8, 0x00, 0x0d, 0xfb, 0x9d, 0x00, 0x54, 0xff,
    0x3c, 0x00, 0x00, 0x00, 0x00, 0x00, 0x28, 0x3b,
    0x00, 0x00, 0xec, 0xa8, 0x00, 0x4b, 0xff, 0x94,
    0x44, 0x81, 0xff, 0x70, 0x44, 0x44, 0x44, 0x29,
    0x00, 0xa0, 0xec, 0x00, 0x00, 0xec, 0xa8, 0x00,
    0xa2, 0xff, 0xff, 0xff, 0xff, 0xff, 0xff, 0xff,
    0xff, 0xff, 0x9c, 0x00, 0xa0, 0xec, 0x00, 0x00,
    0xec, 0xa8, 0x0b, 0xf3, 0xc5, 0x3c, 0x3c, 0x7c,
    0xff, 0x69, 0x3c, 0x3c, 0x3c, 0x24, 0x00, 0xa0,
    0xec, 0x00, 0x00, 0xec, 0xa8, 0x4b, 0xff, 0x54,
    0x00, 0x00, 0x54, 0xff, 0x3c, 0x00, 0x00, 0x00,
    0x00, 0x00, 0xa0, 0xec, 0x00, 0x00, 0xec, 0xa8,
    0x0b, 0x32, 0x12, 0x10, 0x10, 0x5e, 0xff, 0x48,
    0x10, 0x10, 0x10, 0x10, 0x01, 0xa0, 0xec, 0x00,
    0x00, 0xec, 0xa8, 0xb4, 0xff, 0xff, 0xff, 0xff,
    0xff, 0xff, 0xff, 0xff, 0xff, 0xff, 0xff, 0x14,
    0xa0, 0xec, 0x00, 0x00, 0xec, 0xa8, 0x54, 0x78,
    0x78, 0x78, 0x78, 0xa4, 0xff, 0x97, 0x78, 0x78,
    0x78, 0x78, 0x09, 0xa0, 0xec, 0x00, 0x00, 0xec,
    0xa8, 0x00, 0x00, 0x00, 0x00, 0x00, 0x54, 0xff,
    0x3c, 0x00, 0x00, 0x00, 0x00, 0x00, 0xa0, 0xec,
    0x00, 0x00, 0xec, 0xa8, 0x00, 0x16, 0x28, 0x28,
    0x28, 0x6e, 0xff, 0x5a, 0x28, 0x28, 0x28, 0x10,
    0x00, 0xa0, 0xec, 0x00, 0x00, 0xec, 0xa8, 0x00,
    0x90, 0xff, 0xff, 0xff, 0xff, 0xff, 0xff, 0xff,
    0xff, 0xff, 0x6c, 0x00, 0xa0, 0xec, 0x00, 0x00,
    0xec, 0xa8, 0x00, 0x90, 0xfa, 0x5c, 0x5c, 0x91,
    0xff, 0x82, 0x5c, 0x6d, 0xff, 0x6c, 0x00, 0xa0,
    0xec, 0x00, 0x00, 0xec, 0xa8, 0x00, 0x90, 0xf8,
    0x00, 0x00, 0x54, 0xff, 0x3c, 0x00, 0x1c, 0xff,
    0x6c, 0x00, 0xa0, 0xec, 0x00, 0x00, 0xec, 0xa8,
    0x00, 0x90, 0xf8, 0x00, 0x00, 0x54, 0xff, 0x3c,
    0x00, 0x1c, 0xff, 0x6c, 0x00, 0x98, 0xe0, 0x00,
    0x00, 0xec, 0xa8, 0x00, 0x90, 0xf8, 0x00, 0x00,
    0x54, 0xff, 0x3c, 0x00, 0x1f, 0xff, 0x6c, 0x00,
    0x00, 0x00, 0x00, 0x00, 0xec, 0xa8, 0x00, 0x90,
    0xf8, 0x00, 0x00, 0x54, 0xff, 0x40, 0x84, 0xb0,
    0xff, 0x5e, 0x00, 0x00, 0x00, 0x00, 0x0c, 0xfc,
    0xa4, 0x00, 0x90, 0xf8, 0x00, 0x00, 0x54, 0xff,
    0x3c, 0xda, 0xea, 0xb8, 0x0f, 0x00, 0x77, 0x98,
    0x9b, 0xd0, 0xff, 0x87, 0x00, 0x18, 0x2a, 0x00,
    0x00, 0x54, 0xff, 0x3c, 0x00, 0x00, 0x00, 0x00,
    0x00, 0xa1, 0xff, 0xff, 0xf7, 0xbf, 0x1a,

    /* U+52A8 "动" */
    0x00, 0x00, 0x00, 0x00, 0x00, 0x00, 0x00, 0x00,
    0x00, 0x00, 0x00, 0x00, 0x77, 0xdc, 0x05, 0x00,
    0x00, 0x00, 0x00, 0x00, 0x00, 0x10, 0x24, 0x24,
    0x24, 0x24, 0x24, 0x24, 0x24, 0x07, 0x00, 0x00,
    0x90, 0xff, 0x03, 0x00, 0x00, 0x00, 0x00, 0x00,
    0x00, 0x74, 0xff, 0xff, 0xff, 0xff, 0xff, 0xff,
    0xff, 0x34, 0x00, 0x00, 0x96, 0xfe, 0x00, 0x00,
    0x00, 0x00, 0x00, 0x00, 0x00, 0x3a, 0x80, 0x80,
    0x80, 0x80, 0x80, 0x80, 0x80, 0x1a, 0x00, 0x00,
    0x9b, 0xf9, 0x00, 0x00, 0x00, 0x00, 0x00, 0x00,
    0x00, 0x00, 0x00, 0x00, 0x00, 0x00, 0x00, 0x00,
    0x00, 0x00, 0x91, 0x94, 0xd7, 0xfb, 0x94, 0x94,
    0x94, 0x94, 0x94, 0x17, 0x00, 0x00, 0x00, 0x00,
    0x00, 0x00, 0x00, 0x00, 0x00, 0x00, 0xfc, 0xff,
    0xff, 0xff, 0xff, 0xff, 0xff, 0xff, 0xff, 0x23,
    0x00, 0x00, 0x00, 0x00, 0x00, 0x00, 0x00, 0x00,
    0x00, 0x00, 0x0f, 0x10, 0xad, 0xe8, 0x10, 0x10,
    0x10, 0x7c, 0xff, 0x1c, 0x31, 0x84, 0x84, 0x84,
    0x84, 0x84, 0x84, 0x84, 0x84, 0x75, 0x00, 0x00,
    0xb1, 0xdc, 0x00, 0x00, 0x00, 0x7b, 0xff, 0x15,
    0x60, 0xff, 0xff, 0xff, 0xff, 0xff, 0xff, 0xff,
    0xff, 0xe4, 0x00, 0x00, 0xbc, 0xd0, 0x00, 0x00,
    0x00, 0x84, 0xff, 0x0d, 0x04, 0x0c, 0x0c, 0x36,
    0xff, 0x84, 0x0c, 0x0c, 0x0c, 0x0a, 0x00, 0x00,
    0xca, 0xc2, 0x00, 0x00, 0x00, 0x8d, 0xff, 0x05,
    0x00, 0x00, 0x00, 0x78, 0xff, 0x31, 0x00, 0x00,
    0x00, 0x00, 0x00, 0x00, 0xde, 0xb0, 0x00, 0x00,
    0x00, 0x95, 0xfd, 0x00, 0x00, 0x00, 0x00, 0xcf,
    0xda, 0x00, 0x8e, 0x89, 0x00, 0x00, 0x00, 0x00,
    0xf5, 0x9c, 0x00, 0x00, 0x00, 0x9d, 0xf5, 0x00,
    0x00, 0x00, 0x2e, 0xff, 0x7e, 0x00, 0xb1, 0xf2,
    0x0c, 0x00, 0x00, 0x16, 0xff, 0x82, 0x00, 0x00,
    0x00, 0xa6, 0xec, 0x00, 0x00, 0x00, 0x93, 0xfe,
    0x20, 0x00, 0x4b, 0xff, 0x64, 0x00, 0x00, 0x48,
    0xff, 0x5a, 0x00, 0x00, 0x00, 0xaf, 0xe3, 0x00,
    0x00, 0x0e, 0xf3, 0xba, 0x00, 0x00, 0x04, 0xe9,
    0xc8, 0x00, 0x00, 0x7f, 0xff, 0x2c, 0x00, 0x00,
    0x00, 0xb9, 0xda, 0x00, 0x00, 0x7a, 0xff, 0x4e,
    0x00, 0x00, 0x01, 0x9b, 0xff, 0x2b, 0x00, 0xd5,
    0xe8, 0x02, 0x00, 0x00, 0x00, 0xc4, 0xd1, 0x00,
    0x08, 0xee, 0xfc, 0xa9, 0xc3, 0xde, 0xf9, 0xff,
    0xff, 0x8d, 0x3d, 0xff, 0x97, 0x00, 0x00, 0x00,
    0x00, 0xd4, 0xc7, 0x00, 0x02, 0xf6, 0xff, 0xf2,
    0xd5, 0xb7, 0x99, 0x7b, 0xdc, 0xd5, 0xc7, 0xfe,
    0x2c, 0x00, 0x00, 0x00, 0x15, 0xf7, 0xb7, 0x00,
    0x00, 0x25, 0x10, 0x00, 0x00, 0x00, 0x00, 0x00,
    0x33, 0x78, 0xff, 0xa8, 0x00, 0x93, 0xa0, 0xa7,
    0xe3, 0xff, 0x88, 0x00, 0x00, 0x00, 0x00, 0x00,
    0x00, 0x00, 0x00, 0x00, 0x28, 0xf8, 0xef, 0x1b,
    0x00, 0xc2, 0xff, 0xff, 0xf1, 0xb1, 0x12, 0x00,
    0x00, 0x00, 0x00, 0x00, 0x00, 0x00, 0x00, 0x00,
    0x02, 0x72, 0x59, 0x00, 0x00, 0x00, 0x00, 0x00,
    0x00, 0x00, 0x00, 0x00,

    /* U+538B "压" */
    0x00, 0x00, 0x07, 0x0c, 0x0c, 0x0c, 0x0c, 0x0c,
    0x0c, 0x0c, 0x0c, 0x0c, 0x0c, 0x0c, 0x0c, 0x0c,
    0x0c, 0x0c, 0x0c, 0x07, 0x00, 0x00, 0x9c, 0xff,
    0xff, 0xff, 0xff, 0xff, 0xff, 0xff, 0xff, 0xff,
    0xff, 0xff, 0xff, 0xff, 0xff, 0xff, 0xff, 0xa4,
    0x00, 0x00, 0x9c, 0xff, 0xa3, 0x9c, 0x9c, 0x9c,
    0x9c, 0x9c, 0x9c, 0x9c, 0x9c, 0x9c, 0x9c, 0x9c,
    0x9c, 0x9c, 0x9c, 0x63, 0x00, 0x00, 0x9c, 0xff,
    0x14, 0x00, 0x00, 0x00, 0x00, 0x00, 0x07, 0xe0,
    0xa1, 0x00, 0x00, 0x00, 0x00, 0x00, 0x00, 0x00,
    0x00, 0x00, 0x9c, 0xff, 0x14, 0x00, 0x00, 0x00,
    0x00, 0x00, 0x08, 0xff, 0xb8, 0x00, 0x00, 0x00,
    0x00, 0x00, 0x00, 0x00, 0x00, 0x00, 0x9c, 0xff,
    0x14, 0x00, 0x00, 0x00, 0x00, 0x00, 0x08, 0xff,
    0xb8, 0x00, 0x00, 0x00, 0x00, 0x00, 0x00, 0x00,
    0x00, 0x00, 0x9c, 0xff, 0x13, 0x00, 0x00, 0x00,
    0x00, 0x00, 0x08, 0xff, 0xb8, 0x00, 0x00, 0x00,
    0x00, 0x00, 0x00, 0x00, 0x00, 0x00, 0x9e, 0xff,
    0x12, 0x01, 0x04, 0x04, 0x04, 0x04, 0x0b, 0xff,
    0xb9, 0x04, 0x04, 0x04, 0x04, 0x04, 0x03, 0x00,
    0x00, 0x00, 0x9f, 0xff, 0x0f, 0x64, 0xff, 0xff,
    0xff, 0xff, 0xff, 0xff, 0xff, 0xff, 0xff, 0xff,
    0xff, 0xff, 0xe4, 0x00, 0x00, 0x00, 0xa4, 0xff,
    0x0a, 0x3e, 0xa0, 0xa0, 0xa0, 0xa0, 0xa3, 0xff,
    0xe5, 0xa0, 0xa0, 0xa0, 0xa0, 0xa0, 0x8e, 0x00,
    0x00, 0x00, 0xad, 0xff, 0x02, 0x00, 0x00, 0x00,
    0x00, 0x00, 0x08, 0xff, 0xb8, 0x00, 0x00, 0x02,
    0x00, 0x00, 0x00, 0x00, 0x00, 0x00, 0xba, 0xf5,
    0x00, 0x00, 0x00, 0x00, 0x00, 0x00, 0x08, 0xff,
    0xb8, 0x00, 0x38, 0xd4, 0x23, 0x00, 0x00, 0x00,
    0x00, 0x00, 0xd1, 0xe1, 0x00, 0x00, 0x00, 0x00,
    0x00, 0x00, 0x08, 0xff, 0xb8, 0x00, 0x37, 0xf2,
    0xe1, 0x1e, 0x00, 0x00, 0x00, 0x00, 0xf3, 0xc1,
    0x00, 0x00, 0x00, 0x00, 0x00, 0x00, 0x08, 0xff,
    0xb8, 0x00, 0x00, 0x40, 0xf7, 0xdb, 0x18, 0x00,
    0x00, 0x29, 0xff, 0x9b, 0x00, 0x00, 0x00, 0x00,
    0x00, 0x00, 0x08, 0xff, 0xb8, 0x00, 0x00, 0x00,
    0x50, 0xfd, 0x90, 0x00, 0x00, 0x72, 0xff, 0x5e,
    0x00, 0x00, 0x00, 0x00, 0x00, 0x00, 0x08, 0xff,
    0xb8, 0x00, 0x00, 0x00, 0x00, 0x45, 0x05, 0x00,
    0x01, 0xd7, 0xfa, 0x16, 0x7c, 0x94, 0x94, 0x94,
    0x94, 0x94, 0x97, 0xff, 0xe1, 0x94, 0x94, 0x94,
    0x94, 0x94, 0x94, 0x75, 0x59, 0xff, 0xaa, 0x00,
    0xd8, 0xff, 0xff, 0xff, 0xff, 0xff, 0xff, 0xff,
    0xff, 0xff, 0xff, 0xff, 0xff, 0xff, 0xff, 0xcc,
    0x6a, 0xfc, 0x30, 0x00, 0x0d, 0x10, 0x10, 0x10,
    0x10, 0x10, 0x10, 0x10, 0x10, 0x10, 0x10, 0x10,
    0x10, 0x10, 0x10, 0x0c, 0x00, 0x30, 0x00, 0x00,
    0x00, 0x00, 0x00, 0x00, 0x00, 0x00, 0x00, 0x00,
    0x00, 0x00, 0x00, 0x00, 0x00, 0x00, 0x00, 0x00,

    /* U+5411 "向" */
    0x00, 0x00, 0x00, 0x00, 0x00, 0x00, 0x00, 0x0d,
    0x01, 0x00, 0x00, 0x00, 0x00, 0x00, 0x00, 0x00,
    0x00, 0x00, 0x00, 0x00, 0x00, 0x00, 0x00, 0x00,
    0x00, 0xbf, 0xf4, 0x24, 0x00, 0x00, 0x00, 0x00,
    0x00, 0x00, 0x00, 0x00, 0x00, 0x00, 0x00, 0x00,
    0x00, 0x00, 0x20, 0xfe, 0xd4, 0x00, 0x00, 0x00,
    0x00, 0x00, 0x00, 0x00, 0x00, 0x00, 0x00, 0x00,
    0x00, 0x00, 0x00, 0x00, 0x84, 0xff, 0x6f, 0x00,
    0x00, 0x00, 0x00, 0x00, 0x00, 0x00, 0x00, 0x00,
    0x90, 0xf4, 0xf4, 0xf4, 0xf4, 0xf4, 0xfc, 0xff,
    0xf6, 0xf4, 0xf4, 0xf4, 0xf4, 0xf4, 0xf4, 0xf4,
    0xf4, 0x13, 0x98, 0xff, 0xb2, 0xac, 0xac, 0xac,
    0xac, 0xac, 0xac, 0xac, 0xac, 0xac, 0xac, 0xac,
    0xac, 0xdf, 0xff, 0x14, 0x98, 0xff, 0x14, 0x00,
    0x00, 0x00, 0x00, 0x00, 0x00, 0x00, 0x00, 0x00,
    0x00, 0x00, 0x00, 0x9c, 0xff, 0x14, 0x98, 0xff,
    0x14, 0x00, 0x00, 0x00, 0x00, 0x00, 0x00, 0x00,
    0x00, 0x00, 0x00, 0x00, 0x00, 0x9c, 0xff, 0x14,
    0x98, 0xff, 0x14, 0x00, 0x00, 0x0c, 0x0c, 0x0c,
    0x0c, 0x0c, 0x0c, 0x0c, 0x08, 0x00, 0x00, 0x9c,
    0xff, 0x14, 0x98, 0xff, 0x14, 0x00, 0x14, 0xff,
    0xff, 0xff, 0xff, 0xff, 0xff, 0xff, 0xb4, 0x00,
    0x00, 0x9c, 0xff, 0x14, 0x98, 0xff, 0x14, 0x00,
    0x14, 0xff, 0xd2, 0x9c, 0x9c, 0x9c, 0x9c, 0xf8,
    0xb4, 0x00, 0x00, 0x9c, 0xff, 0x14, 0x98, 0xff,
    0x14, 0x00, 0x14, 0xff, 0x8c, 0x00, 0x00, 0x00,
    0x00, 0xec, 0xb4, 0x00, 0x00, 0x9c, 0xff, 0x14,
    0x98, 0xff, 0x14, 0x00, 0x14, 0xff, 0x8c, 0x00,
    0x00, 0x00, 0x00, 0xec, 0xb4, 0x00, 0x00, 0x9c,
    0xff, 0x14, 0x98, 0xff, 0x14, 0x00, 0x14, 0xff,
    0x8c, 0x00, 0x00, 0x00, 0x00, 0xec, 0xb4, 0x00,
    0x00, 0x9c, 0xff, 0x14, 0x98, 0xff, 0x14, 0x00,
    0x14, 0xff, 0x8c, 0x00, 0x00, 0x00, 0x00, 0xec,
    0xb4, 0x00, 0x00, 0x9c, 0xff, 0x14, 0x98, 0xff,
    0x14, 0x00, 0x14, 0xff, 0xcf, 0x94, 0x94, 0x94,
    0x94, 0xf7, 0xb4, 0x00, 0x00, 0x9c, 0xff, 0x14,
    0x98, 0xff, 0x14, 0x00, 0x14, 0xff, 0xff, 0xff,
    0xff, 0xff, 0xff, 0xff, 0xb4, 0x00, 0x00, 0x9c,
    0xff, 0x14, 0x98, 0xff, 0x14, 0x00, 0x00, 0x0c,
    0x0c, 0x0c, 0x0c, 0x0c, 0x0c, 0x0c, 0x08, 0x00,
    0x00, 0x9c, 0xff, 0x14, 0x98, 0xff, 0x14, 0x00,
    0x00, 0x00, 0x00, 0x00, 0x00, 0x00, 0x00, 0x00,
    0x00, 0x00, 0x00, 0xa8, 0xff, 0x12, 0x98, 0xff,
    0x14, 0x00, 0x00, 0x00, 0x00, 0x00, 0x00, 0x00,
    0x00, 0x58, 0xa0, 0xa0, 0xaf, 0xfd, 0xf7, 0x04,
    0x98, 0xff, 0x14, 0x00, 0x00, 0x00, 0x00, 0x00,
    0x00, 0x00, 0x00, 0x67, 0xff, 0xff, 0xfc, 0xe5,
    0x6c, 0x00,

    /* U+578B "型" */
    0x00, 0x00, 0x00, 0x00, 0x00, 0x00, 0x00, 0x00,
    0x00, 0x00, 0x00, 0x00, 0x00, 0x00, 0x00, 0x00,
    0x00, 0x2f, 0x26, 0x00, 0x00, 0x32, 0x5c, 0x5c,
    0x5c, 0x5c, 0x5c, 0x5c, 0x5c, 0x5c, 0x5c, 0x3d,
    0x00, 0x14, 0x0a, 0x00, 0x00, 0xd8, 0xb0, 0x00,
    0x00, 0x8c, 0xff, 0xff, 0xff, 0xff, 0xff, 0xff,
    0xff, 0xff, 0xff, 0xac, 0x00, 0xff, 0x88, 0x00,
    0x00, 0xd8, 0xb0, 0x00, 0x00, 0x18, 0x2c, 0x8f,
    0xff, 0x3c, 0x2c, 0x2c, 0xf2, 0xad, 0x2c, 0x1d,
    0x00, 0xff, 0x88, 0x00, 0x00, 0xd8, 0xb0, 0x00,
    0x00, 0x00, 0x00, 0x78, 0xff, 0x14, 0x00, 0x00,
    0xf0, 0x9c, 0x00, 0x00, 0x00, 0xff, 0x88, 0x00,
    0x00, 0xd8, 0xb0, 0x00, 0x00, 0x00, 0x00, 0x78,
    0xff, 0x14, 0x00, 0x00, 0xf0, 0x9c, 0x00, 0x00,
    0x00, 0xff, 0x88, 0x00, 0x00, 0xd8, 0xb0, 0x00,
    0x10, 0x98, 0x98, 0xc8, 0xff, 0xa0, 0x98, 0x98,
    0xf9, 0xd7, 0x98, 0x98, 0x15, 0xff, 0x88, 0x00,
    0x00, 0xd8, 0xb0, 0x00, 0x18, 0xe4, 0xe4, 0xf4,
    0xff, 0xe4, 0xe4, 0xe4, 0xfe, 0xf5, 0xe4, 0xe4,
    0x20, 0xff, 0x88, 0x00, 0x00, 0xd8, 0xb0, 0x00,
    0x00, 0x00, 0x00, 0xbb, 0xdc, 0x00, 0x00, 0x00,
    0xf0, 0x9c, 0x00, 0x00, 0x00, 0xff, 0x88, 0x00,
    0x00, 0xd8, 0xb0, 0x00, 0x00, 0x00, 0x21, 0xfb,
    0x9c, 0x00, 0x00, 0x00, 0xf0, 0x9c, 0x00, 0x00,
    0x00, 0x4c, 0x28, 0x00, 0x00, 0xe4, 0xae, 0x00,
    0x00, 0x02, 0xbc, 0xfe, 0x33, 0x00, 0x00, 0x00,
    0xf0, 0x9c, 0x00, 0x00, 0x00, 0x0b, 0x78, 0x7a,
    0xa5, 0xff, 0x97, 0x00, 0x00, 0x92, 0xff, 0x8f,
    0x00, 0x00, 0x00, 0x00, 0xc6, 0x81, 0x00, 0x00,
    0x00, 0x02, 0xf4, 0xff, 0xff, 0xd9, 0x2d, 0x00,
    0x00, 0x7b, 0xb2, 0x04, 0x00, 0x00, 0x00, 0x00,
    0x00, 0x2d, 0x54, 0x0a, 0x00, 0x00, 0x0a, 0x0c,
    0x05, 0x00, 0x00, 0x00, 0x00, 0x00, 0x01, 0x04,
    0x04, 0x04, 0x04, 0x04, 0x04, 0x8d, 0xff, 0x23,
    0x04, 0x04, 0x04, 0x04, 0x04, 0x03, 0x00, 0x00,
    0x00, 0x00, 0x48, 0xff, 0xff, 0xff, 0xff, 0xff,
    0xff, 0xff, 0xff, 0xff, 0xff, 0xff, 0xff, 0xff,
    0xff, 0xd0, 0x00, 0x00, 0x00, 0x00, 0x24, 0x80,
    0x80, 0x80, 0x80, 0x80, 0x80, 0xc6, 0xff, 0x90,
    0x80, 0x80, 0x80, 0x80, 0x80, 0x68, 0x00, 0x00,
    0x00, 0x00, 0x00, 0x00, 0x00, 0x00, 0x00, 0x00,
    0x00, 0x8c, 0xff, 0x20, 0x00, 0x00, 0x00, 0x00,
    0x00, 0x00, 0x00, 0x00, 0x00, 0x00, 0x00, 0x00,
    0x00, 0x00, 0x00, 0x00, 0x00, 0x8c, 0xff, 0x20,
    0x00, 0x00, 0x00, 0x00, 0x00, 0x00, 0x00, 0x00,
    0x32, 0x80, 0x80, 0x80, 0x80, 0x80, 0x80, 0x80,
    0x80, 0xc6, 0xff, 0x90, 0x80, 0x80, 0x80, 0x80,
    0x80, 0x80, 0x80, 0x6e, 0x64, 0xff, 0xff, 0xff,
    0xff, 0xff, 0xff, 0xff, 0xff, 0xff, 0xff, 0xff,
    0xff, 0xff, 0xff, 0xff, 0xff, 0xff, 0xff, 0xdc,

    /* U+5BBD "宽" */
    0x00, 0x00, 0x00, 0x00, 0x00, 0x00, 0x00, 0x00,
    0x00, 0x00, 0x00, 0x00, 0x00, 0x00, 0x00, 0x00,
    0x00, 0x00, 0x00, 0x00, 0x00, 0x00, 0x00, 0x00,
    0x00, 0x00, 0x00, 0x00, 0x21, 0xe1, 0xba, 0x00,
    0x00, 0x00, 0x00, 0x00, 0x00, 0x00, 0x00, 0x00,
    0x00, 0x00, 0x00, 0x00, 0x00, 0x00, 0x00, 0x00,
    0x00, 0xd9, 0xfd, 0x18, 0x00, 0x00, 0x00, 0x00,
    0x00, 0x00, 0x00, 0x00, 0x00, 0xab, 0xf4, 0xf4,
    0xf4, 0xf4, 0xf4, 0xf4, 0xf4, 0xfb, 0xff, 0xf7,
    0xf4, 0xf4, 0xf4, 0xf4, 0xf4, 0xf4, 0xb3, 0x00,
    0x00, 0xb4, 0xfc, 0x90, 0x90, 0x90, 0x90, 0x90,
    0x90, 0x90, 0x90, 0x90, 0x90, 0x90, 0x90, 0x90,
    0x90, 0xfc, 0xbc, 0x00, 0x00, 0xb4, 0xf8, 0x00,
    0x00, 0x00, 0x1c, 0x1c, 0x00, 0x00, 0x00, 0x00,
    0x1b, 0x1c, 0x00, 0x00, 0x00, 0xf8, 0xbc, 0x00,
    0x00, 0x51, 0x70, 0x00, 0x00, 0x00, 0xc8, 0xcc,
    0x00, 0x00, 0x00, 0x00, 0xc0, 0xcc, 0x00, 0x00,
    0x00, 0x70, 0x55, 0x00, 0x01, 0x78, 0x78, 0x78,
    0x78, 0x78, 0xe2, 0xe4, 0x78, 0x78, 0x78, 0x78,
    0xde, 0xe4, 0x78, 0x78, 0x78, 0x78, 0x78, 0x0f,
    0x04, 0xff, 0xff, 0xff, 0xff, 0xff, 0xff, 0xff,
    0xff, 0xff, 0xff, 0xff, 0xff, 0xff, 0xff, 0xff,
    0xff, 0xff, 0xff, 0x20, 0x00, 0x04, 0x04, 0x04,
    0x04, 0x04, 0xc8, 0xcc, 0x04, 0x04, 0x04, 0x04,
    0xc1, 0xcc, 0x04, 0x04, 0x04, 0x04, 0x04, 0x00,
    0x00, 0x00, 0x00, 0x00, 0x00, 0x00, 0x57, 0x59,
    0x00, 0x00, 0x00, 0x00, 0x54, 0x59, 0x00, 0x00,
    0x00, 0x00, 0x00, 0x00, 0x00, 0x00, 0x00, 0xe0,
    0xf4, 0xf4, 0xf4, 0xf4, 0xf4, 0xf4, 0xf4, 0xf4,
    0xf4, 0xf4, 0xf4, 0xf4, 0xba, 0x00, 0x00, 0x00,
    0x00, 0x00, 0x00, 0xec, 0xe8, 0x80, 0x80, 0x80,
    0x80, 0x80, 0x80, 0x80, 0x80, 0x80, 0x80, 0xf8,
    0xc4, 0x00, 0x00, 0x00, 0x00, 0x00, 0x00, 0xec,
    0xd0, 0x00, 0x00, 0x00, 0x00, 0xcb, 0x93, 0x00,
    0x00, 0x00, 0x00, 0xf0, 0xc4, 0x00, 0x00, 0x00,
    0x00, 0x00, 0x00, 0xec, 0xd0, 0x00, 0x00, 0x00,
    0x11, 0xff, 0xa7, 0x00, 0x00, 0x00, 0x00, 0xf0,
    0xc4, 0x00, 0x00, 0x00, 0x00, 0x00, 0x00, 0xec,
    0xd0, 0x00, 0x00, 0x00, 0x46, 0xff, 0xd2, 0x73,
    0x00, 0x00, 0x00, 0xf0, 0xc4, 0x00, 0x00, 0x00,
    0x00, 0x00, 0x00, 0xec, 0xd0, 0x00, 0x00, 0x01,
    0xbd, 0xff, 0xfa, 0xc8, 0x00, 0x00, 0x00, 0xf0,
    0xc4, 0x4f, 0xd7, 0x3f, 0x00, 0x00, 0x00, 0x07,
    0x06, 0x00, 0x14, 0xaf, 0xff, 0x9b, 0xe4, 0xc8,
    0x00, 0x00, 0x00, 0x0b, 0x09, 0x5c, 0xff, 0x4f,
    0x00, 0x00, 0x00, 0x00, 0x2c, 0x8d, 0xf4, 0xff,
    0xa2, 0x06, 0xe2, 0xd1, 0x00, 0x00, 0x00, 0x00,
    0x00, 0x79, 0xff, 0x43, 0x12, 0x54, 0x94, 0xdc,
    0xff, 0xff, 0xd1, 0x4e, 0x00, 0x00, 0xca, 0xff,
    0xae, 0x94, 0x94, 0x94, 0xa1, 0xf5, 0xfe, 0x19,
    0x38, 0xff, 0xff, 0xeb, 0x9c, 0x3e, 0x00, 0x00,
    0x00, 0x00, 0x4b, 0xde, 0xfc, 0xff, 0xff, 0xff,
    0xfd, 0xe7, 0x79, 0x00, 0x00, 0x68, 0x3a, 0x03,
    0x00, 0x00, 0x00, 0x00, 0x00, 0x00, 0x00, 0x00,
    0x00, 0x00, 0x00, 0x00, 0x00, 0x00, 0x00, 0x00,

    /* U+5EA6 "度" */
    0x00, 0x00, 0x00, 0x00, 0x00, 0x00, 0x00, 0x00,
    0x00, 0x3a, 0xa9, 0x5f, 0x00, 0x00, 0x00, 0x00,
    0x00, 0x00, 0x00, 0x00, 0x00, 0x00, 0x00, 0x00,
    0x00, 0x00, 0x00, 0x00, 0x00, 0x2d, 0xff, 0xc1,
    0x00, 0x00, 0x00, 0x00, 0x00, 0x00, 0x00, 0x00,
    0x00, 0x00, 0x67, 0x70, 0x70, 0x70, 0x70, 0x70,
    0x70, 0x70, 0xf8, 0xfb, 0x71, 0x70, 0x70, 0x70,
    0x70, 0x70, 0x70, 0x31, 0x00, 0x00, 0xec, 0xff,
    0xff, 0xff, 0xff, 0xff, 0xff, 0xff, 0xff, 0xff,
    0xff, 0xff, 0xff, 0xff, 0xff, 0xff, 0xff, 0x70,
    0x00, 0x00, 0xec, 0xb3, 0x0c, 0x0c, 0x0c, 0xf8,
    0x9c, 0x0c, 0x0c, 0x0c, 0x0c, 0x0c, 0xf0, 0xaf,
    0x0c, 0x0c, 0x0c, 0x05, 0x00, 0x00, 0xec, 0xb0,
    0x00, 0x00, 0x00, 0xf8, 0x98, 0x00, 0x00, 0x00,
    0x00, 0x00, 0xf0, 0xac, 0x00, 0x00, 0x00, 0x00,
    0x00, 0x00, 0xec, 0xd3, 0x70, 0x70, 0x70, 0xfb,
    0xc5, 0x70, 0x70, 0x70, 0x70, 0x70, 0xf7, 0xd0,
    0x70, 0x70, 0x70, 0x2a, 0x00, 0x00, 0xec, 0xfc,
    0xf4, 0xf4, 0xf4, 0xff, 0xfb, 0xf4, 0xf4, 0xf4,
    0xf4, 0xf4, 0xff, 0xfc, 0xf4, 0xf4, 0xf4, 0x5b,
    0x00, 0x00, 0xec, 0xb0, 0x00, 0x00, 0x00, 0xf8,
    0x98, 0x00, 0x00, 0x00, 0x00, 0x00, 0xf0, 0xac,
    0x00, 0x00, 0x00, 0x00, 0x00, 0x00, 0xec, 0xaf,
    0x00, 0x00, 0x00, 0xf8, 0xb5, 0x48, 0x48, 0x48,
    0x48, 0x48, 0xf4, 0xac, 0x00, 0x00, 0x00, 0x00,
    0x00, 0x00, 0xef, 0xab, 0x00, 0x00, 0x00, 0xf8,
    0xff, 0xff, 0xff, 0xff, 0xff, 0xff, 0xff, 0xac,
    0x00, 0x00, 0x00, 0x00, 0x00, 0x00, 0xf6, 0xa6,
    0x00, 0x00, 0x00, 0x1b, 0x1c, 0x1c, 0x1c, 0x1c,
    0x1c, 0x1c, 0x1c, 0x12, 0x00, 0x00, 0x00, 0x00,
    0x00, 0x03, 0xff, 0x9c, 0x00, 0x57, 0x68, 0x68,
    0x68, 0x68, 0x68, 0x68, 0x68, 0x68, 0x68, 0x68,
    0x68, 0x08, 0x00, 0x00, 0x00, 0x18, 0xff, 0x88,
    0x00, 0xd7, 0xff, 0xf9, 0xf4, 0xf4, 0xf4, 0xf4,
    0xf4, 0xf4, 0xf4, 0xff, 0xff, 0x13, 0x00, 0x00,
    0x00, 0x3a, 0xff, 0x6f, 0x00, 0x4b, 0xf6, 0xe0,
    0x29, 0x00, 0x00, 0x00, 0x00, 0x05, 0xa2, 0xff,
    0x8e, 0x00, 0x00, 0x00, 0x00, 0x64, 0xff, 0x49,
    0x00, 0x00, 0x3d, 0xf0, 0xee, 0x4d, 0x00, 0x00,
    0x23, 0xc0, 0xff, 0x8d, 0x00, 0x00, 0x00, 0x00,
    0x00, 0xa1, 0xff, 0x16, 0x00, 0x00, 0x00, 0x24,
    0xcb, 0xff, 0xb0, 0x8a, 0xf8, 0xeb, 0x55, 0x00,
    0x00, 0x00, 0x00, 0x00, 0x05, 0xed, 0xd1, 0x00,
    0x00, 0x00, 0x00, 0x04, 0x4a, 0xee, 0xff, 0xff,
    0xfe, 0x80, 0x22, 0x00, 0x00, 0x00, 0x00, 0x00,
    0x56, 0xff, 0x78, 0x0e, 0x3d, 0x74, 0xb1, 0xf2,
    0xff, 0xea, 0x89, 0x7e, 0xe0, 0xff, 0xff, 0xe7,
    0xb4, 0x86, 0x61, 0x29, 0xad, 0xf9, 0x17, 0xa3,
    0xff, 0xff, 0xe3, 0x9b, 0x49, 0x04, 0x00, 0x00,
    0x01, 0x35, 0x7f, 0xbc, 0xf2, 0xff, 0xff, 0x66,
    0x09, 0x4d, 0x00, 0x2b, 0x66, 0x28, 0x00, 0x00,
    0x00, 0x00, 0x00, 0x00, 0x00, 0x00, 0x00, 0x00,
    0x02, 0x25, 0x51, 0x11,

    /* U+63A7 "控" */
    0x00, 0x00, 0x0c, 0xa4, 0x57, 0x00, 0x00, 0x00,
    0x00, 0x00, 0x00, 0x13, 0x89, 0x68, 0x00, 0x00,
    0x00, 0x00, 0x00, 0x00, 0x00, 0x00, 0x14, 0xff,
    0x88, 0x00, 0x00, 0x00, 0x00, 0x00, 0x00, 0x01,
    0xdd, 0xf1, 0x0a, 0x00, 0x00, 0x00, 0x00, 0x00,
    0x00, 0x00, 0x14, 0xff, 0x88, 0x00, 0x00, 0x06,
    0x0c, 0x0c, 0x0c, 0x0c, 0x7f, 0xff, 0x65, 0x0c,
    0x0c, 0x0c, 0x0c, 0x05, 0x00, 0x00, 0x14, 0xff,
    0x88, 0x00, 0x00, 0x84, 0xff, 0xff, 0xff, 0xff,
    0xff, 0xff, 0xff, 0xff, 0xff, 0xff, 0xff, 0x7c,
    0x4c, 0x94, 0x9c, 0xff, 0xcd, 0x94, 0x57, 0x84,
    0xff, 0x8b, 0x84, 0x84, 0x84, 0x84, 0x84, 0x84,
    0x84, 0x8d, 0xff, 0x7c, 0x84, 0xff, 0xff, 0xff,
    0xff, 0xff, 0x98, 0x84, 0xff, 0x10, 0x00, 0x00,
    0x00, 0x00, 0x00, 0x00, 0x00, 0x14, 0xff, 0x7c,
    0x06, 0x0c, 0x1f, 0xff, 0x8d, 0x0c, 0x07, 0x84,
    0xff, 0x10, 0x03, 0x6e, 0x05, 0x00, 0x31, 0x43,
    0x00, 0x14, 0xff, 0x7c, 0x00, 0x00, 0x14, 0xff,
    0x88, 0x00, 0x00, 0x10, 0x20, 0x09, 0xae, 0xff,
    0x56, 0x00, 0xb5, 0xfd, 0x81, 0x04, 0x20, 0x0f,
    0x00, 0x00, 0x14, 0xff, 0x88, 0x00, 0x00, 0x00,
    0x19, 0xc2, 0xfe, 0x74, 0x00, 0x00, 0x0f, 0xa9,
    0xff, 0xba, 0x13, 0x00, 0x00, 0x00, 0x14, 0xff,
    0xb3, 0xaa, 0x56, 0x44, 0xe9, 0xf7, 0x5d, 0x00,
    0x00, 0x00, 0x00, 0x00, 0x6c, 0xfa, 0xe0, 0x30,
    0x00, 0x13, 0x76, 0xff, 0xff, 0xf9, 0x5c, 0xc9,
    0xdb, 0x2f, 0x00, 0x00, 0x00, 0x00, 0x00, 0x00,
    0x00, 0x3b, 0xe8, 0xb2, 0x77, 0xf9, 0xff, 0xff,
    0xb5, 0x17, 0x00, 0x24, 0x12, 0x04, 0x04, 0x04,
    0x04, 0x04, 0x04, 0x04, 0x04, 0x04, 0x23, 0x1d,
    0x8c, 0xb6, 0x61, 0xff, 0x88, 0x00, 0x00, 0x00,
    0xfc, 0xff, 0xff, 0xff, 0xff, 0xff, 0xff, 0xff,
    0xff, 0xff, 0xa0, 0x00, 0x03, 0x00, 0x14, 0xff,
    0x88, 0x00, 0x00, 0x00, 0x8d, 0x90, 0x90, 0x90,
    0xc8, 0xff, 0xa3, 0x90, 0x90, 0x90, 0x5a, 0x00,
    0x00, 0x00, 0x14, 0xff, 0x88, 0x00, 0x00, 0x00,
    0x00, 0x00, 0x00, 0x00, 0x80, 0xff, 0x2c, 0x00,
    0x00, 0x00, 0x00, 0x00, 0x00, 0x00, 0x14, 0xff,
    0x88, 0x00, 0x00, 0x00, 0x00, 0x00, 0x00, 0x00,
    0x80, 0xff, 0x2c, 0x00, 0x00, 0x00, 0x00, 0x00,
    0x00, 0x00, 0x14, 0xff, 0x88, 0x00, 0x00, 0x00,
    0x00, 0x00, 0x00, 0x00, 0x80, 0xff, 0x2c, 0x00,
    0x00, 0x00, 0x00, 0x00, 0x00, 0x00, 0x19, 0xff,
    0x87, 0x00, 0x00, 0x00, 0x00, 0x00, 0x00, 0x00,
    0x80, 0xff, 0x2c, 0x00, 0x00, 0x00, 0x00, 0x00,
    0x58, 0x90, 0xc1, 0xff, 0x75, 0x00, 0x16, 0x90,
    0x90, 0x90, 0x90, 0x90, 0xc8, 0xff, 0xa3, 0x90,
    0x90, 0x90, 0x90, 0x84, 0x76, 0xff, 0xf9, 0xca,
    0x1c, 0x00, 0x28, 0xff, 0xff, 0xff, 0xff, 0xff,
    0xff, 0xff, 0xff, 0xff, 0xff, 0xff, 0xff, 0xec,

    /* U+6570 "数" */
    0x00, 0x00, 0x00, 0x00, 0x01, 0x38, 0x1a, 0x00,
    0x00, 0x00, 0x00, 0x00, 0x00, 0x38, 0x1a, 0x00,
    0x00, 0x00, 0x00, 0x00, 0x00, 0x5e, 0x2e, 0x00,
    0x08, 0xff, 0x78, 0x00, 0x01, 0x79, 0x11, 0x00,
    0x03, 0xf2, 0xa4, 0x00, 0x00, 0x00, 0x00, 0x00,
    0x00, 0xaa, 0xd2, 0x05, 0x08, 0xff, 0x78, 0x00,
    0x6d, 0xf9, 0x31, 0x00, 0x38, 0xff, 0x63, 0x00,
    0x00, 0x00, 0x00, 0x00, 0x00, 0x13, 0xe9, 0x84,
    0x08, 0xff, 0x78, 0x2d, 0xf7, 0x75, 0x00, 0x00,
    0x8b, 0xfe, 0x18, 0x00, 0x00, 0x00, 0x00, 0x00,
    0x00, 0x00, 0x59, 0x88, 0x08, 0xff, 0x78, 0x56,
    0xb4, 0x01, 0x00, 0x01, 0xe1, 0xf7, 0xb8, 0xb8,
    0xb8, 0xb8, 0xb8, 0x81, 0x42, 0x98, 0x98, 0x98,
    0x9b, 0xff, 0xc8, 0x98, 0x98, 0x98, 0x72, 0x47,
    0xff, 0xf9, 0xf8, 0xf8, 0xfc, 0xff, 0xf8, 0xae,
    0x57, 0xc8, 0xc8, 0xc8, 0xe4, 0xff, 0xe2, 0xc8,
    0xc8, 0xc8, 0x96, 0xb2, 0xfe, 0x0a, 0x00, 0x00,
    0x93, 0xf4, 0x00, 0x00, 0x00, 0x00, 0x00, 0x3a,
    0xee, 0xff, 0xcf, 0x3b, 0x00, 0x00, 0x2e, 0xfe,
    0xff, 0x1b, 0x00, 0x00, 0xb7, 0xd3, 0x00, 0x00,
    0x00, 0x03, 0x74, 0xfa, 0xad, 0xff, 0xe3, 0xff,
    0xaa, 0x1d, 0xa8, 0xfb, 0xff, 0x44, 0x00, 0x00,
    0xe3, 0xae, 0x00, 0x00, 0x3f, 0xce, 0xfc, 0x7f,
    0x09, 0xff, 0x78, 0x45, 0xde, 0xf3, 0x8f, 0x7a,
    0xf0, 0x7c, 0x00, 0x1a, 0xff, 0x7a, 0x00, 0x00,
    0x79, 0xcf, 0x37, 0x00, 0x1a, 0xb4, 0x54, 0x00,
    0x0d, 0x81, 0x05, 0x07, 0xb3, 0xc2, 0x00, 0x61,
    0xff, 0x41, 0x00, 0x00, 0x07, 0x02, 0x00, 0x44,
    0xff, 0x5a, 0x00, 0x00, 0x00, 0x00, 0x00, 0x00,
    0x73, 0xfd, 0x1b, 0xb5, 0xef, 0x06, 0x00, 0x00,
    0x84, 0xec, 0xec, 0xf7, 0xff, 0xee, 0xec, 0xec,
    0xec, 0xd9, 0x00, 0x00, 0x19, 0xf9, 0xa8, 0xfd,
    0x9e, 0x00, 0x00, 0x00, 0x3a, 0x68, 0xa2, 0xff,
    0x9a, 0x68, 0x68, 0x68, 0xeb, 0xcf, 0x00, 0x00,
    0x00, 0xa2, 0xff, 0xfe, 0x2d, 0x00, 0x00, 0x00,
    0x00, 0x02, 0xd1, 0xe8, 0x08, 0x00, 0x00, 0x4f,
    0xff, 0x55, 0x00, 0x00, 0x00, 0x5a, 0xff, 0xca,
    0x00, 0x00, 0x00, 0x00, 0x00, 0x26, 0xe0, 0xfe,
    0xb4, 0x3e, 0x2b, 0xec, 0xbb, 0x01, 0x00, 0x00,
    0x14, 0xe1, 0xff, 0xff, 0x5c, 0x00, 0x00, 0x00,
    0x00, 0x00, 0x04, 0x5d, 0xd8, 0xff, 0xf9, 0xec,
    0x13, 0x00, 0x00, 0x0b, 0xc7, 0xff, 0x64, 0xd5,
    0xf9, 0x44, 0x00, 0x00, 0x00, 0x00, 0x01, 0x46,
    0xbc, 0xff, 0xf0, 0xff, 0xcf, 0x48, 0x0e, 0xc3,
    0xff, 0x80, 0x00, 0x23, 0xed, 0xf7, 0x4d, 0x00,
    0x2d, 0x85, 0xdf, 0xff, 0xe0, 0x5f, 0x05, 0x66,
    0xe5, 0xa9, 0xd3, 0xff, 0x8f, 0x00, 0x00, 0x00,
    0x3c, 0xf1, 0xfd, 0x67, 0x84, 0xfe, 0xc2, 0x5c,
    0x05, 0x00, 0x00, 0x00, 0x0a, 0x40, 0xf4, 0x86,
    0x00, 0x00, 0x00, 0x00, 0x00, 0x32, 0xea, 0x4b,
    0x10, 0x1e, 0x00, 0x00, 0x00, 0x00, 0x00, 0x00,
    0x00, 0x00, 0x1f, 0x00, 0x00, 0x00, 0x00, 0x00,
    0x00, 0x00, 0x19, 0x00,

    /* U+65B9 "方" */
    0x00, 0x00, 0x00, 0x00, 0x00, 0x00, 0x00, 0x00,
    0x13, 0x9c, 0x9d, 0x00, 0x00, 0x00, 0x00, 0x00,
    0x00, 0x00, 0x00, 0x00, 0x00, 0x00, 0x00, 0x00,
    0x00, 0x00, 0x00, 0x00, 0x01, 0xda, 0xff, 0x29,
    0x00, 0x00, 0x00, 0x00, 0x00, 0x00, 0x00, 0x00,
    0x00, 0x00, 0x00, 0x00, 0x00, 0x00, 0x00, 0x00,
    0x00, 0x6f, 0xff, 0x95, 0x00, 0x00, 0x00, 0x00,
    0x00, 0x00, 0x00, 0x00, 0x1b, 0xa0, 0xa0, 0xa0,
    0xa0, 0xa0, 0xa0, 0xa0, 0xa0, 0xad, 0xff, 0xf3,
    0xa0, 0xa0, 0xa0, 0xa0, 0xa0, 0xa0, 0xa0, 0x69,
    0x2c, 0xff, 0xff, 0xff, 0xff, 0xff, 0xff, 0xff,
    0xff, 0xff, 0xff, 0xff, 0xff, 0xff, 0xff, 0xff,
    0xff, 0xff, 0xff, 0xa8, 0x02, 0x0c, 0x0c, 0x0c,
    0x0c, 0x0c, 0xcd, 0xe2, 0x0c, 0x0c, 0x0c, 0x0c,
    0x0c, 0x0c, 0x0c, 0x0c, 0x0c, 0x0c, 0x0c, 0x07,
    0x00, 0x00, 0x00, 0x00, 0x00, 0x00, 0xd9, 0xd5,
    0x00, 0x00, 0x00, 0x00, 0x00, 0x00, 0x00, 0x00,
    0x00, 0x00, 0x00, 0x00, 0x00, 0x00, 0x00, 0x00,
    0x00, 0x00, 0xe8, 0xc8, 0x00, 0x00, 0x00, 0x00,
    0x00, 0x00, 0x00, 0x00, 0x00, 0x00, 0x00, 0x00,
    0x00, 0x00, 0x00, 0x00, 0x00, 0x00, 0xfa, 0xbe,
    0x0c, 0x0c, 0x0c, 0x0c, 0x0c, 0x0c, 0x0c, 0x0c,
    0x0c, 0x02, 0x00, 0x00, 0x00, 0x00, 0x00, 0x00,
    0x00, 0x11, 0xff, 0xff, 0xff, 0xff, 0xff, 0xff,
    0xff, 0xff, 0xff, 0xff, 0xff, 0x27, 0x00, 0x00,
    0x00, 0x00, 0x00, 0x00, 0x00, 0x32, 0xff, 0xd2,
    0xa0, 0xa0, 0xa0, 0xa0, 0xa0, 0xa0, 0xa0, 0xdb,
    0xff, 0x18, 0x00, 0x00, 0x00, 0x00, 0x00, 0x00,
    0x00, 0x5e, 0xff, 0x69, 0x00, 0x00, 0x00, 0x00,
    0x00, 0x00, 0x00, 0xab, 0xff, 0x08, 0x00, 0x00,
    0x00, 0x00, 0x00, 0x00, 0x00, 0x9a, 0xff, 0x3b,
    0x00, 0x00, 0x00, 0x00, 0x00, 0x00, 0x00, 0xbc,
    0xf9, 0x00, 0x00, 0x00, 0x00, 0x00, 0x00, 0x00,
    0x06, 0xec, 0xf1, 0x05, 0x00, 0x00, 0x00, 0x00,
    0x00, 0x00, 0x00, 0xcc, 0xe8, 0x00, 0x00, 0x00,
    0x00, 0x00, 0x00, 0x00, 0x59, 0xff, 0xa6, 0x00,
    0x00, 0x00, 0x00, 0x00, 0x00, 0x00, 0x00, 0xdd,
    0xd7, 0x00, 0x00, 0x00, 0x00, 0x00, 0x00, 0x09,
    0xe1, 0xff, 0x36, 0x00, 0x00, 0x00, 0x00, 0x00,
    0x00, 0x00, 0x00, 0xee, 0xc6, 0x00, 0x00, 0x00,
    0x00, 0x00, 0x00, 0x9b, 0xff, 0xae, 0x00, 0x00,
    0x00, 0x00, 0x00, 0x00, 0x00, 0x00, 0x09, 0xfe,
    0xb2, 0x00, 0x00, 0x00, 0x00, 0x00, 0x74, 0xff,
    0xeb, 0x18, 0x00, 0x00, 0x00, 0x00, 0x00, 0x00,
    0x00, 0x00, 0x5d, 0xff, 0x90, 0x00, 0x00, 0x00,
    0x00, 0x77, 0xff, 0xf7, 0x3b, 0x00, 0x00, 0x00,
    0x00, 0x9a, 0xa8, 0xa8, 0xab, 0xc3, 0xfd, 0xff,
    0x42, 0x00, 0x00, 0x00, 0x31, 0xfe, 0xf7, 0x4c,
    0x00, 0x00, 0x00, 0x00, 0x00, 0xbf, 0xff, 0xff,
    0xff, 0xf7, 0xd6, 0x6b, 0x00, 0x00, 0x00, 0x00,
    0x00, 0x68, 0x3f, 0x00, 0x00, 0x00, 0x00, 0x00,
    0x00, 0x00, 0x00, 0x00, 0x00, 0x00, 0x00, 0x00,
    0x00, 0x00, 0x00, 0x00,

    /* U+65CB "旋" */
    0x00, 0x00, 0x00, 0x50, 0x59, 0x00, 0x00, 0x00,
    0x00, 0x00, 0x1d, 0x71, 0x11, 0x00, 0x00, 0x00,
    0x00, 0x00, 0x00, 0x00, 0x00, 0x00, 0x00, 0xb9,
    0xe8, 0x02, 0x00, 0x00, 0x00, 0x00, 0x7e, 0xfa,
    0x12, 0x00, 0x00, 0x00, 0x00, 0x00, 0x00, 0x00,
    0x00, 0x00, 0x00, 0x69, 0xff, 0x38, 0x00, 0x00,
    0x00, 0x07, 0xe5, 0xae, 0x00, 0x00, 0x00, 0x00,
    0x00, 0x00, 0x00, 0x00, 0x05, 0x0c, 0x0c, 0x2a,
    0xff, 0x86, 0x0c, 0x0b, 0x00, 0x6c, 0xff, 0xfd,
    0xfc, 0xfc, 0xfc, 0xfc, 0xfc, 0xfc, 0xfc, 0xad,
    0x7c, 0xff, 0xff, 0xff, 0xff, 0xff, 0xff, 0xf4,
    0x15, 0xed, 0xd0, 0x8c, 0x8c, 0x8c, 0x8c, 0x8c,
    0x8c, 0x8c, 0x8c, 0x60, 0x3f, 0x84, 0xe8, 0xd5,
    0x84, 0x84, 0x84, 0x7d, 0xa3, 0xf9, 0x29, 0x00,
    0x00, 0x00, 0x00, 0x00, 0x00, 0x00, 0x00, 0x00,
    0x00, 0x00, 0xd0, 0xa8, 0x00, 0x00, 0x00, 0x42,
    0xff, 0x79, 0x00, 0x00, 0x00, 0x00, 0x00, 0x00,
    0x00, 0x00, 0x00, 0x00, 0x00, 0x00, 0xd0, 0xa8,
    0x00, 0x00, 0x00, 0x22, 0xa3, 0xff, 0xff, 0xff,
    0xff, 0xff, 0xff, 0xff, 0xff, 0xff, 0xff, 0x28,
    0x00, 0x00, 0xd0, 0xd1, 0x78, 0x78, 0x78, 0x1e,
    0x02, 0x88, 0x88, 0x88, 0x88, 0xf6, 0xc9, 0x88,
    0x88, 0xbe, 0xff, 0x1e, 0x00, 0x00, 0xd2, 0xfb,
    0xf4, 0xf6, 0xff, 0x3d, 0x00, 0x00, 0x00, 0x00,
    0x00, 0xec, 0x8c, 0x00, 0x00, 0xce, 0xba, 0x00,
    0x00, 0x00, 0xd6, 0xa2, 0x00, 0x3d, 0xff, 0x38,
    0x00, 0x0c, 0x19, 0x01, 0x00, 0xec, 0x8c, 0x00,
    0x16, 0xc4, 0x41, 0x00, 0x00, 0x00, 0xe1, 0x99,
    0x00, 0x45, 0xff, 0x32, 0x00, 0x61, 0xff, 0x09,
    0x00, 0xec, 0x8c, 0x00, 0x00, 0x00, 0x00, 0x00,
    0x00, 0x00, 0xf0, 0x89, 0x00, 0x4e, 0xff, 0x2c,
    0x00, 0x76, 0xf6, 0x00, 0x00, 0xec, 0xc4, 0x7c,
    0x7c, 0x7c, 0x62, 0x00, 0x00, 0x09, 0xff, 0x73,
    0x00, 0x57, 0xff, 0x26, 0x00, 0x95, 0xd9, 0x00,
    0x00, 0xec, 0xff, 0xff, 0xff, 0xff, 0xcc, 0x00,
    0x00, 0x2c, 0xff, 0x53, 0x00, 0x5e, 0xff, 0x20,
    0x00, 0xc0, 0xdf, 0x00, 0x00, 0xec, 0x8f, 0x08,
    0x08, 0x08, 0x06, 0x00, 0x00, 0x60, 0xff, 0x26,
    0x00, 0x65, 0xff, 0x19, 0x05, 0xf4, 0xff, 0x33,
    0x00, 0xec, 0x8c, 0x00, 0x00, 0x00, 0x00, 0x00,
    0x00, 0xa7, 0xe5, 0x00, 0x00, 0x6c, 0xff, 0x12,
    0x4d, 0xff, 0xf2, 0xb2, 0x00, 0xec, 0x8c, 0x00,
    0x00, 0x00, 0x00, 0x00, 0x07, 0xec, 0x9c, 0x00,
    0x00, 0x80, 0xff, 0x09, 0xb0, 0xe0, 0x46, 0xff,
    0x85, 0xed, 0x8c, 0x00, 0x00, 0x00, 0x00, 0x00,
    0x61, 0xff, 0x4a, 0x90, 0x9c, 0xef, 0xeb, 0x33,
    0xfd, 0x7a, 0x00, 0x72, 0xfe, 0xff, 0xc9, 0x80,
    0x80, 0x80, 0x80, 0x59, 0xbe, 0xdf, 0x02, 0xcf,
    0xf2, 0xd9, 0x5a, 0xc4, 0xe7, 0x0c, 0x00, 0x00,
    0x3b, 0xa9, 0xe0, 0xfb, 0xff, 0xff, 0xff, 0x81,
    0x22, 0x5b, 0x00, 0x00, 0x00, 0x00, 0x00, 0x46,
    0x56, 0x00, 0x00, 0x00, 0x00, 0x00, 0x00, 0x00,
    0x00, 0x00, 0x00, 0x00,

    /* U+673A "机" */
    0x00, 0x00, 0x00, 0x12, 0x24, 0x03, 0x00, 0x00,
    0x00, 0x00, 0x00, 0x00, 0x00, 0x00, 0x00, 0x00,
    0x00, 0x00, 0x00, 0x00, 0x00, 0x00, 0x00, 0x80,
    0xff, 0x1c, 0x00, 0x00, 0x00, 0x00, 0x00, 0x00,
    0x00, 0x00, 0x00, 0x00, 0x00, 0x00, 0x00, 0x00,
    0x00, 0x00, 0x00, 0x80, 0xff, 0x1c, 0x00, 0x00,
    0x00, 0x72, 0x7c, 0x7c, 0x7c, 0x7c, 0x7c, 0x7c,
    0x09, 0x00, 0x00, 0x00, 0x00, 0x00, 0x00, 0x80,
    0xff, 0x1c, 0x00, 0x00, 0x00, 0xec, 0xff, 0xff,
    0xff, 0xff, 0xff, 0xff, 0x14, 0x00, 0x00, 0x00,
    0x00, 0x00, 0x00, 0x80, 0xff, 0x1c, 0x00, 0x00,
    0x00, 0xec, 0xcb, 0x50, 0x50, 0x50, 0xb0, 0xff,
    0x14, 0x00, 0x00, 0x00, 0x2d, 0x98, 0x98, 0xcc,
    0xff, 0xa3, 0x98, 0x8c, 0x00, 0xec, 0xb4, 0x00,
    0x00, 0x00, 0x8c, 0xff, 0x14, 0x00, 0x00, 0x00,
    0x4c, 0xff, 0xff, 0xff, 0xff, 0xff, 0xff, 0xec,
    0x00, 0xec, 0xb4, 0x00, 0x00, 0x00, 0x8c, 0xff,
    0x14, 0x00, 0x00, 0x00, 0x01, 0x04, 0x04, 0xa4,
    0xff, 0x1f, 0x04, 0x03, 0x00, 0xec, 0xb4, 0x00,
    0x00, 0x00, 0x8c, 0xff, 0x14, 0x00, 0x00, 0x00,
    0x00, 0x00, 0x06, 0xef, 0xff, 0x1c, 0x00, 0x00,
    0x00, 0xec, 0xb4, 0x00, 0x00, 0x00, 0x8c, 0xff,
    0x14, 0x00, 0x00, 0x00, 0x00, 0x00, 0x53, 0xff,
    0xff, 0x6f, 0x00, 0x00, 0x00, 0xec, 0xb3, 0x00,
    0x00, 0x00, 0x8c, 0xff, 0x14, 0x00, 0x00, 0x00,
    0x00, 0x00, 0xbe, 0xff, 0xff, 0xff, 0x94, 0x02,
    0x00, 0xed, 0xb1, 0x00, 0x00, 0x00, 0x8c, 0xff,
    0x14, 0x00, 0x00, 0x00, 0x00, 0x31, 0xff, 0xd7,
    0xff, 0xa3, 0xff, 0xae, 0x08, 0xf0, 0xad, 0x00,
    0x00, 0x00, 0x8c, 0xff, 0x14, 0x00, 0x00, 0x00,
    0x00, 0xb0, 0xe2, 0x84, 0xff, 0x1c, 0x6e, 0xfd,
    0x2d, 0xf8, 0xa4, 0x00, 0x00, 0x00, 0x8c, 0xff,
    0x14, 0x00, 0x00, 0x00, 0x40, 0xff, 0x74, 0x80,
    0xff, 0x1c, 0x00, 0x35, 0x07, 0xff, 0x93, 0x00,
    0x00, 0x00, 0x8c, 0xff, 0x14, 0x00, 0x00, 0x00,
    0xb1, 0xe3, 0x0b, 0x80, 0xff, 0x1c, 0x00, 0x00,
    0x1f, 0xff, 0x7a, 0x00, 0x00, 0x00, 0x8c, 0xff,
    0x14, 0x00, 0x92, 0x4a, 0x80, 0x55, 0x00, 0x80,
    0xff, 0x1c, 0x00, 0x00, 0x4b, 0xff, 0x4b, 0x00,
    0x00, 0x00, 0x8c, 0xff, 0x14, 0x00, 0xe0, 0x95,
    0x19, 0x00, 0x00, 0x80, 0xff, 0x1c, 0x00, 0x00,
    0x86, 0xfc, 0x13, 0x00, 0x00, 0x00, 0x8c, 0xff,
    0x14, 0x00, 0xe7, 0x90, 0x00, 0x00, 0x00, 0x80,
    0xff, 0x1c, 0x00, 0x03, 0xe3, 0xb0, 0x00, 0x00,
    0x00, 0x00, 0x8c, 0xff, 0x14, 0x00, 0xef, 0x8b,
    0x00, 0x00, 0x00, 0x80, 0xff, 0x1c, 0x00, 0x6f,
    0xfd, 0x36, 0x00, 0x00, 0x00, 0x00, 0x8b, 0xff,
    0x18, 0x02, 0xfc, 0x85, 0x00, 0x00, 0x00, 0x80,
    0xff, 0x1c, 0x2b, 0xf3, 0x92, 0x00, 0x00, 0x00,
    0x00, 0x00, 0x77, 0xff, 0xbc, 0xb3, 0xff, 0x6d,
    0x00, 0x00, 0x00, 0x80, 0xff, 0x1d, 0xb4, 0xc3,
    0x05, 0x00, 0x00, 0x00, 0x00, 0x00, 0x21, 0xd5,
    0xfd, 0xfc, 0xd2, 0x1b, 0x00, 0x00, 0x00, 0x00,
    0x00, 0x00, 0x00, 0x02, 0x00, 0x00, 0x00, 0x00,
    0x00, 0x00, 0x00, 0x00, 0x00, 0x00, 0x00, 0x00,

    /* U+6B65 "步" */
    0x00, 0x00, 0x00, 0x00, 0x00, 0x00, 0x00, 0x00,
    0x00, 0x68, 0x72, 0x00, 0x00, 0x00, 0x00, 0x00,
    0x00, 0x00, 0x00, 0x00, 0x00, 0x00, 0x00, 0x00,
    0x00, 0x00, 0x00, 0x00, 0x00, 0xd0, 0xe4, 0x00,
    0x00, 0x00, 0x00, 0x00, 0x00, 0x00, 0x00, 0x00,
    0x00, 0x00, 0x00, 0x59, 0xe4, 0x47, 0x00, 0x00,
    0x00, 0xd0, 0xe4, 0x00, 0x00, 0x00, 0x00, 0x00,
    0x00, 0x00, 0x00, 0x00, 0x00, 0x00, 0x00, 0x64,
    0xff, 0x50, 0x00, 0x00, 0x00, 0xd0, 0xfe, 0xf4,
    0xf4, 0xf4, 0xf4, 0xf4, 0xf4, 0xf4, 0x26, 0x00,
    0x00, 0x00, 0x00, 0x64, 0xff, 0x50, 0x00, 0x00,
    0x00, 0xd0, 0xf4, 0x94, 0x94, 0x94, 0x94, 0x94,
    0x94, 0x94, 0x17, 0x00, 0x00, 0x00, 0x00, 0x64,
    0xff, 0x50, 0x00, 0x00, 0x00, 0xd0, 0xe4, 0x00,
    0x00, 0x00, 0x00, 0x00, 0x00, 0x00, 0x00, 0x00,
    0x00, 0x00, 0x00, 0x64, 0xff, 0x50, 0x00, 0x00,
    0x00, 0xd0, 0xe4, 0x00, 0x00, 0x00, 0x00, 0x00,
    0x00, 0x00, 0x00, 0x00, 0x00, 0x00, 0x00, 0x64,
    0xff, 0x50, 0x00, 0x00, 0x00, 0xd0, 0xe4, 0x00,
    0x00, 0x00, 0x00, 0x00, 0x00, 0x00, 0x00, 0x00,
    0xe8, 0xff, 0xff, 0xff, 0xff, 0xff, 0xff, 0xff,
    0xff, 0xff, 0xff, 0xff, 0xff, 0xff, 0xff, 0xff,
    0xff, 0xff, 0xff, 0x78, 0x91, 0xa0, 0xa0, 0xa0,
    0xa0, 0xa0, 0xa0, 0xa0, 0xa0, 0xcd, 0xff, 0xbb,
    0xa0, 0xa0, 0xa0, 0xa0, 0xa0, 0xa0, 0xa0, 0x4b,
    0x00, 0x00, 0x00, 0x00, 0x00, 0x15, 0x00, 0x00,
    0x00, 0x78, 0xff, 0x48, 0x00, 0x00, 0x00, 0x00,
    0x00, 0x00, 0x00, 0x00, 0x00, 0x00, 0x00, 0x00,
    0x23, 0xe1, 0x84, 0x00, 0x00, 0x78, 0xff, 0x48,
    0x00, 0x00, 0x00, 0x00, 0x53, 0x1d, 0x00, 0x00,
    0x00, 0x00, 0x00, 0x37, 0xe9, 0xff, 0x74, 0x00,
    0x00, 0x78, 0xff, 0x48, 0x00, 0x00, 0x00, 0x5f,
    0xfe, 0xd7, 0x05, 0x00, 0x00, 0x00, 0x64, 0xf7,
    0xfa, 0x62, 0x00, 0x00, 0x00, 0x78, 0xff, 0x48,
    0x00, 0x00, 0x70, 0xfd, 0xe7, 0x29, 0x00, 0x00,
    0x10, 0xa6, 0xff, 0xe8, 0x3f, 0x00, 0x00, 0x00,
    0x00, 0x78, 0xff, 0x48, 0x0e, 0xa7, 0xff, 0xdc,
    0x26, 0x00, 0x00, 0x00, 0x38, 0xfe, 0xc0, 0x18,
    0x00, 0x00, 0x00, 0x00, 0x00, 0x41, 0x90, 0x92,
    0xea, 0xff, 0xad, 0x0f, 0x00, 0x00, 0x00, 0x00,
    0x00, 0x4b, 0x03, 0x00, 0x00, 0x00, 0x00, 0x00,
    0x1d, 0x7f, 0xe1, 0xff, 0xe4, 0x5e, 0x00, 0x00,
    0x00, 0x00, 0x00, 0x00, 0x00, 0x00, 0x00, 0x00,
    0x02, 0x32, 0x75, 0xc1, 0xfd, 0xff, 0xe4, 0x7a,
    0x0a, 0x00, 0x00, 0x00, 0x00, 0x00, 0x00, 0x00,
    0x1b, 0x54, 0x84, 0xba, 0xf0, 0xff, 0xff, 0xf7,
    0xb1, 0x4f, 0x03, 0x00, 0x00, 0x00, 0x00, 0x00,
    0x00, 0x00, 0x00, 0x00, 0x62, 0xff, 0xff, 0xfb,
    0xcd, 0x90, 0x4d, 0x0b, 0x00, 0x00, 0x00, 0x00,
    0x00, 0x00, 0x00, 0x00, 0x00, 0x00, 0x00, 0x00,
    0x0e, 0x6b, 0x3b, 0x0a, 0x00, 0x00, 0x00, 0x00,
    0x00, 0x00, 0x00, 0x00, 0x00, 0x00, 0x00, 0x00,
    0x00, 0x00, 0x00, 0x00,

    /* U+6D41 "流" */
    0x00, 0x00, 0x00, 0x00, 0x00, 0x00, 0x00, 0x00,
    0x00, 0x00, 0x11, 0x84, 0x6d, 0x00, 0x00, 0x00,
    0x00, 0x00, 0x00, 0x00, 0x04, 0xb6, 0x51, 0x00,
    0x00, 0x00, 0x00, 0x00, 0x00, 0x00, 0x05, 0xec,
    0xe8, 0x03, 0x00, 0x00, 0x00, 0x00, 0x00, 0x00,
    0x23, 0xe5, 0xff, 0x96, 0x06, 0x00, 0x00, 0x00,
    0x00, 0x00, 0x00, 0x98, 0xff, 0x49, 0x00, 0x00,
    0x00, 0x00, 0x00, 0x00, 0x00, 0x15, 0xb7, 0xff,
    0xc5, 0x4e, 0xff, 0xff, 0xff, 0xff, 0xff, 0xff,
    0xff, 0xff, 0xff, 0xff, 0xff, 0xff, 0xff, 0x04,
    0x00, 0x00, 0x02, 0x84, 0x7b, 0x2d, 0x98, 0x98,
    0x98, 0xc0, 0xff, 0xdc, 0x98, 0x98, 0x98, 0x98,
    0x98, 0x98, 0x98, 0x02, 0x00, 0x00, 0x00, 0x00,
    0x00, 0x00, 0x00, 0x00, 0x1d, 0xe4, 0xeb, 0x22,
    0x00, 0x00, 0x76, 0x1e, 0x00, 0x00, 0x00, 0x00,
    0x35, 0x5c, 0x00, 0x00, 0x00, 0x00, 0x00, 0x12,
    0xd5, 0xf7, 0x3a, 0x00, 0x00, 0x24, 0xf5, 0xd8,
    0x15, 0x00, 0x00, 0x00, 0xb7, 0xff, 0x93, 0x04,
    0x00, 0x00, 0x1a, 0xd3, 0xf8, 0x48, 0x00, 0x00,
    0x00, 0x00, 0x4a, 0xfa, 0xcc, 0x0d, 0x00, 0x00,
    0x12, 0xba, 0xff, 0xbe, 0x12, 0x1d, 0xdf, 0xff,
    0xad, 0x70, 0x7c, 0x88, 0x94, 0xa0, 0xac, 0xe7,
    0xff, 0xbe, 0x07, 0x00, 0x00, 0x03, 0x97, 0xff,
    0x58, 0x1d, 0xff, 0xff, 0xff, 0xff, 0xfa, 0xef,
    0xe3, 0xd7, 0xcb, 0xbf, 0xbd, 0xff, 0xab, 0x00,
    0x00, 0x00, 0x00, 0x4b, 0x00, 0x00, 0x28, 0x2c,
    0x19, 0x07, 0x00, 0x00, 0x00, 0x00, 0x03, 0x0c,
    0x02, 0x73, 0x4a, 0x00, 0x00, 0x00, 0x03, 0x03,
    0x00, 0x00, 0x00, 0xff, 0x7c, 0x00, 0x10, 0xff,
    0x6c, 0x00, 0x4c, 0xff, 0x2c, 0x00, 0x00, 0x00,
    0x00, 0x00, 0x4f, 0xef, 0x49, 0x00, 0x00, 0xff,
    0x7c, 0x00, 0x10, 0xff, 0x6c, 0x00, 0x4c, 0xff,
    0x2c, 0x00, 0x00, 0x00, 0x00, 0x00, 0xa0, 0xff,
    0x20, 0x00, 0x06, 0xff, 0x78, 0x00, 0x10, 0xff,
    0x6c, 0x00, 0x4c, 0xff, 0x2c, 0x00, 0x00, 0x00,
    0x00, 0x03, 0xec, 0xd1, 0x00, 0x00, 0x13, 0xff,
    0x6c, 0x00, 0x10, 0xff, 0x6c, 0x00, 0x4c, 0xff,
    0x2c, 0x00, 0x00, 0x00, 0x00, 0x41, 0xff, 0x82,
    0x00, 0x00, 0x39, 0xff, 0x50, 0x00, 0x10, 0xff,
    0x6c, 0x00, 0x4c, 0xff, 0x2c, 0x00, 0xb9, 0x7c,
    0x00, 0x92, 0xff, 0x33, 0x00, 0x00, 0x85, 0xfe,
    0x1c, 0x00, 0x10, 0xff, 0x6c, 0x00, 0x4c, 0xff,
    0x2c, 0x00, 0xc3, 0x85, 0x00, 0xe2, 0xe4, 0x01,
    0x00, 0x1f, 0xf2, 0xb8, 0x00, 0x00, 0x10, 0xff,
    0x6c, 0x00, 0x4c, 0xff, 0x2e, 0x00, 0xcf, 0x7c,
    0x34, 0xff, 0x96, 0x00, 0x1b, 0xd7, 0xf2, 0x29,
    0x00, 0x00, 0x10, 0xff, 0x6c, 0x00, 0x42, 0xff,
    0xad, 0x80, 0xf8, 0x65, 0x67, 0xfc, 0x48, 0x00,
    0xc1, 0xf5, 0x45, 0x00, 0x00, 0x00, 0x10, 0xff,
    0x6c, 0x00, 0x0c, 0xc7, 0xfa, 0xfd, 0xd3, 0x19,
    0x00, 0x11, 0x05, 0x00, 0x1a, 0x37, 0x00, 0x00,
    0x00, 0x00, 0x00, 0x00, 0x00, 0x00, 0x00, 0x00,
    0x00, 0x00, 0x00, 0x00,

    /* U+7535 "电" */
    0x00, 0x00, 0x00, 0x00, 0x00, 0x00, 0x00, 0x05,
    0x48, 0x2b, 0x00, 0x00, 0x00, 0x00, 0x00, 0x00,
    0x00, 0x00, 0x00, 0x00, 0x00, 0x00, 0x00, 0x00,
    0x00, 0x00, 0x00, 0x14, 0xff, 0x9c, 0x00, 0x00,
    0x00, 0x00, 0x00, 0x00, 0x00, 0x00, 0x00, 0x00,
    0x00, 0x00, 0x00, 0x00, 0x00, 0x00, 0x00, 0x14,
    0xff, 0x9c, 0x00, 0x00, 0x00, 0x00, 0x00, 0x00,
    0x00, 0x00, 0x00, 0x00, 0x0c, 0x9c, 0x9c, 0x9c,
    0x9c, 0x9c, 0x9c, 0xa3, 0xff, 0xd8, 0x9c, 0x9c,
    0x9c, 0x9c, 0x9c, 0x9c, 0x5f, 0x00, 0x00, 0x00,
    0x14, 0xff, 0xfb, 0xf4, 0xf4, 0xf4, 0xf4, 0xf4,
    0xff, 0xfb, 0xf4, 0xf4, 0xf4, 0xf4, 0xf4, 0xff,
    0x9c, 0x00, 0x00, 0x00, 0x14, 0xff, 0xa4, 0x00,
    0x00, 0x00, 0x00, 0x14, 0xff, 0x9c, 0x00, 0x00,
    0x00, 0x00, 0x14, 0xff, 0x9c, 0x00, 0x00, 0x00,
    0x14, 0xff, 0xa4, 0x00, 0x00, 0x00, 0x00, 0x14,
    0xff, 0x9c, 0x00, 0x00, 0x00, 0x00, 0x14, 0xff,
    0x9c, 0x00, 0x00, 0x00, 0x14, 0xff, 0xa4, 0x00,
    0x00, 0x00, 0x00, 0x14, 0xff, 0x9c, 0x00, 0x00,
    0x00, 0x00, 0x14, 0xff, 0x9c, 0x00, 0x00, 0x00,
    0x14, 0xff, 0xfb, 0xf4, 0xf4, 0xf4, 0xf4, 0xf4,
    0xff, 0xfb, 0xf4, 0xf4, 0xf4, 0xf4, 0xf4, 0xff,
    0x9c, 0x00, 0x00, 0x00, 0x14, 0xff, 0xdc, 0x9c,
    0x9c, 0x9c, 0x9c, 0xa3, 0xff, 0xd8, 0x9c, 0x9c,
    0x9c, 0x9c, 0xa3, 0xff, 0x9c, 0x00, 0x00, 0x00,
    0x14, 0xff, 0xa4, 0x00, 0x00, 0x00, 0x00, 0x14,
    0xff, 0x9c, 0x00, 0x00, 0x00, 0x00, 0x14, 0xff,
    0x9c, 0x00, 0x00, 0x00, 0x14, 0xff, 0xa4, 0x00,
    0x00, 0x00, 0x00, 0x14, 0xff, 0x9c, 0x00, 0x00,
    0x00, 0x00, 0x14, 0xff, 0x9c, 0x00, 0x00, 0x00,
    0x14, 0xff, 0xa4, 0x00, 0x00, 0x00, 0x00, 0x14,
    0xff, 0x9c, 0x00, 0x00, 0x00, 0x00, 0x14, 0xff,
    0x9c, 0x00, 0x00, 0x00, 0x14, 0xff, 0xfb, 0xf4,
    0xf4, 0xf4, 0xf4, 0xf4, 0xff, 0xfb, 0xf4, 0xf4,
    0xf4, 0xf4, 0xf4, 0xff, 0x9c, 0x1a, 0x0c, 0x00,
    0x0b, 0x94, 0x94, 0x94, 0x94, 0x94, 0x94, 0x9c,
    0xff, 0xd5, 0x94, 0x94, 0x94, 0x94, 0x94, 0x94,
    0x5a, 0x7c, 0xfa, 0x28, 0x00, 0x00, 0x00, 0x00,
    0x00, 0x00, 0x00, 0x14, 0xff, 0x9c, 0x00, 0x00,
    0x00, 0x00, 0x00, 0x00, 0x00, 0x87, 0xff, 0x21,
    0x00, 0x00, 0x00, 0x00, 0x00, 0x00, 0x00, 0x13,
    0xff, 0x9e, 0x00, 0x00, 0x00, 0x00, 0x00, 0x00,
    0x00, 0x94, 0xff, 0x13, 0x00, 0x00, 0x00, 0x00,
    0x00, 0x00, 0x00, 0x09, 0xff, 0xc3, 0x00, 0x00,
    0x00, 0x00, 0x00, 0x00, 0x02, 0xc5, 0xf9, 0x03,
    0x00, 0x00, 0x00, 0x00, 0x00, 0x00, 0x00, 0x00,
    0xdb, 0xff, 0xc0, 0x99, 0x98, 0x98, 0x98, 0x9c,
    0xce, 0xff, 0xc0, 0x00, 0x00, 0x00, 0x00, 0x00,
    0x00, 0x00, 0x00, 0x00, 0x3e, 0xd0, 0xf8, 0xff,
    0xff, 0xff, 0xff, 0xff, 0xf3, 0xbe, 0x27, 0x00,

    /* U+7C7B "类" */
    0x00, 0x00, 0x00, 0x28, 0x00, 0x00, 0x00, 0x00,
    0x00, 0xa5, 0x9c, 0x00, 0x00, 0x00, 0x00, 0x00,
    0x28, 0x00, 0x00, 0x00, 0x00, 0x00, 0x3c, 0xfc,
    0x8b, 0x02, 0x00, 0x00, 0x00, 0xdc, 0xd0, 0x00,
    0x00, 0x00, 0x00, 0x87, 0xfb, 0x3f, 0x00, 0x00,
    0x00, 0x00, 0x04, 0x9c, 0xff, 0xb0, 0x09, 0x00,
    0x00, 0xdc, 0xd0, 0x00, 0x00, 0x04, 0x9b, 0xff,
    0xaa, 0x05, 0x00, 0x00, 0x00, 0x00, 0x00, 0x00,
    0x83, 0xff, 0xb9, 0x00, 0x00, 0xdc, 0xd0, 0x00,
    0x00, 0xb0, 0xff, 0x92, 0x02, 0x00, 0x00, 0x00,
    0x00, 0x1b, 0x1c, 0x1c, 0x1c, 0x8c, 0x62, 0x1c,
    0x1c, 0xdf, 0xd5, 0x1c, 0x1c, 0x65, 0x8c, 0x1c,
    0x1c, 0x1c, 0x1c, 0x00, 0x00, 0xf8, 0xff, 0xff,
    0xff, 0xff, 0xff, 0xff, 0xff, 0xff, 0xff, 0xff,
    0xff, 0xff, 0xff, 0xff, 0xff, 0xff, 0xff, 0x00,
    0x00, 0x59, 0x5c, 0x5c, 0x5c, 0x5c, 0x5c, 0x86,
    0xfd, 0xff, 0xe7, 0x5e, 0x5c, 0x5c, 0x5c, 0x5c,
    0x5c, 0x5c, 0x5c, 0x00, 0x00, 0x00, 0x00, 0x00,
    0x00, 0x00, 0x57, 0xf3, 0xe8, 0xef, 0xff, 0xe1,
    0x7c, 0x19, 0x00, 0x00, 0x00, 0x00, 0x00, 0x00,
    0x00, 0x00, 0x00, 0x00, 0x1f, 0xb1, 0xff, 0xd3,
    0x1f, 0xdc, 0xe3, 0xa5, 0xf9, 0xfb, 0xac, 0x44,
    0x01, 0x00, 0x00, 0x00, 0x00, 0x00, 0x25, 0x9a,
    0xf9, 0xfe, 0x90, 0x09, 0x00, 0xdc, 0xd0, 0x00,
    0x17, 0x7f, 0xe7, 0xff, 0xda, 0x74, 0x13, 0x00,
    0x38, 0xc5, 0xff, 0xff, 0xbb, 0x35, 0x00, 0x00,
    0x00, 0x1e, 0x1d, 0x00, 0x00, 0x00, 0x06, 0x61,
    0xd2, 0xff, 0xf8, 0x37, 0x34, 0xf9, 0xa7, 0x3a,
    0x00, 0x00, 0x00, 0x00, 0x00, 0xc7, 0xc3, 0x00,
    0x00, 0x00, 0x00, 0x00, 0x00, 0x48, 0xb1, 0x08,
    0x04, 0x31, 0x1c, 0x1c, 0x1c, 0x1c, 0x1c, 0x1c,
    0x1c, 0xdf, 0xdc, 0x1c, 0x1c, 0x1c, 0x1c, 0x1c,
    0x1c, 0x1c, 0x1c, 0x04, 0x20, 0xff, 0xff, 0xff,
    0xff, 0xff, 0xff, 0xff, 0xff, 0xff, 0xff, 0xff,
    0xff, 0xff, 0xff, 0xff, 0xff, 0xff, 0xff, 0x28,
    0x0b, 0x58, 0x58, 0x58, 0x58, 0x58, 0x58, 0x58,
    0x8f, 0xff, 0xff, 0x7f, 0x58, 0x58, 0x58, 0x58,
    0x58, 0x58, 0x58, 0x0d, 0x00, 0x00, 0x00, 0x00,
    0x00, 0x00, 0x00, 0x1c, 0xdd, 0xff, 0xf9, 0xdd,
    0x22, 0x00, 0x00, 0x00, 0x00, 0x00, 0x00, 0x00,
    0x00, 0x00, 0x00, 0x00, 0x00, 0x02, 0x5b, 0xe9,
    0xff, 0x89, 0x55, 0xfb, 0xef, 0x62, 0x01, 0x00,
    0x00, 0x00, 0x00, 0x00, 0x00, 0x00, 0x00, 0x24,
    0x7a, 0xdc, 0xff, 0xf4, 0x6e, 0x00, 0x00, 0x45,
    0xe7, 0xff, 0xd7, 0x6c, 0x16, 0x00, 0x00, 0x00,
    0x3e, 0x9c, 0xdc, 0xff, 0xff, 0xeb, 0x89, 0x18,
    0x00, 0x00, 0x00, 0x00, 0x0e, 0x82, 0xed, 0xff,
    0xfd, 0xcb, 0x8f, 0x2e, 0x5e, 0xff, 0xe8, 0x9e,
    0x4b, 0x05, 0x00, 0x00, 0x00, 0x00, 0x00, 0x00,
    0x00, 0x00, 0x08, 0x59, 0xb1, 0xf7, 0xff, 0x4b,
    0x0f, 0x31, 0x01, 0x00, 0x00, 0x00, 0x00, 0x00,
    0x00, 0x00, 0x00, 0x00, 0x00, 0x00, 0x00, 0x00,
    0x00, 0x09, 0x47, 0x0f,

    /* U+7EC6 "细" */
    0x00, 0x00, 0x00, 0x0a, 0x9a, 0x23, 0x00, 0x00,
    0x00, 0x00, 0x00, 0x00, 0x00, 0x00, 0x00, 0x00,
    0x00, 0x00, 0x00, 0x00, 0x00, 0x00, 0x6e, 0xfe,
    0x2d, 0x00, 0x00, 0x00, 0x00, 0x00, 0x00, 0x00,
    0x00, 0x00, 0x00, 0x00, 0x00, 0x00, 0x00, 0x00,
    0x06, 0xe2, 0xae, 0x00, 0x00, 0x6a, 0xf4, 0xf4,
    0xf4, 0xf4, 0xf4, 0xf4, 0xf4, 0xf4, 0xf4, 0xf4,
    0x90, 0x00, 0x00, 0x69, 0xfe, 0x2e, 0x00, 0x00,
    0x70, 0xff, 0xc1, 0xbc, 0xbc, 0xe3, 0xfa, 0xbc,
    0xbc, 0xbc, 0xfa, 0x98, 0x00, 0x0b, 0xe5, 0xa7,
    0x00, 0x16, 0x21, 0x70, 0xff, 0x14, 0x00, 0x00,
    0x94, 0xec, 0x00, 0x00, 0x00, 0xec, 0x98, 0x00,
    0x84, 0xf8, 0x20, 0x00, 0x95, 0xf7, 0x8a, 0xff,
    0x14, 0x00, 0x00, 0x94, 0xec, 0x00, 0x00, 0x00,
    0xec, 0x98, 0x31, 0xfa, 0x9e, 0x41, 0x65, 0xf9,
    0xa6, 0x70, 0xff, 0x14, 0x00, 0x00, 0x94, 0xec,
    0x00, 0x00, 0x00, 0xec, 0x98, 0x7a, 0xff, 0xff,
    0xff, 0xff, 0xf4, 0x1c, 0x70, 0xff, 0x14, 0x00,
    0x00, 0x94, 0xec, 0x00, 0x00, 0x00, 0xec, 0x98,
    0x2d, 0x6d, 0x46, 0x70, 0xff, 0x75, 0x00, 0x70,
    0xff, 0x14, 0x00, 0x00, 0x94, 0xec, 0x00, 0x00,
    0x00, 0xec, 0x98, 0x00, 0x00, 0x0f, 0xe5, 0xce,
    0x04, 0x00, 0x70, 0xff, 0xa7, 0xa0, 0xa0, 0xd7,
    0xf8, 0xa0, 0xa0, 0xa0, 0xf8, 0x98, 0x00, 0x00,
    0x9b, 0xfb, 0x31, 0x00, 0x00, 0x70, 0xff, 0xff,
    0xff, 0xff, 0xff, 0xff, 0xff, 0xff, 0xff, 0xff,
    0x98, 0x00, 0x55, 0xff, 0x80, 0x00, 0x03, 0x0c,
    0x70, 0xff, 0x1f, 0x0c, 0x0c, 0x99, 0xec, 0x0c,
    0x0c, 0x0c, 0xec, 0x98, 0x18, 0xf0, 0xfc, 0xab,
    0xd1, 0xf8, 0x7e, 0x70, 0xff, 0x14, 0x00, 0x00,
    0x94, 0xec, 0x00, 0x00, 0x00, 0xec, 0x98, 0x1a,
    0xff, 0xff, 0xf4, 0xce, 0xa6, 0x46, 0x70, 0xff,
    0x14, 0x00, 0x00, 0x94, 0xec, 0x00, 0x00, 0x00,
    0xec, 0x98, 0x00, 0x44, 0x1e, 0x01, 0x00, 0x00,
    0x00, 0x70, 0xff, 0x14, 0x00, 0x00, 0x94, 0xec,
    0x00, 0x00, 0x00, 0xec, 0x98, 0x00, 0x00, 0x00,
    0x00, 0x00, 0x00, 0x00, 0x70, 0xff, 0x14, 0x00,
    0x00, 0x94, 0xec, 0x00, 0x00, 0x00, 0xec, 0x98,
    0x00, 0x02, 0x26, 0x54, 0x82, 0xb1, 0x99, 0x70,
    0xff, 0x14, 0x00, 0x00, 0x94, 0xec, 0x00, 0x00,
    0x00, 0xec, 0x98, 0x9e, 0xf5, 0xff, 0xff, 0xff,
    0xff, 0xab, 0x70, 0xff, 0xf4, 0xf4, 0xf4, 0xfa,
    0xff, 0xf4, 0xf4, 0xf4, 0xff, 0x98, 0x98, 0xc3,
    0x95, 0x68, 0x3b, 0x0e, 0x00, 0x70, 0xff, 0xc1,
    0xbc, 0xbc, 0xbc, 0xbc, 0xbc, 0xbc, 0xbc, 0xfa,
    0x98, 0x00, 0x00, 0x00, 0x00, 0x00, 0x00, 0x00,
    0x70, 0xff, 0x14, 0x00, 0x00, 0x00, 0x00, 0x00,
    0x00, 0x00, 0xec, 0x98,

    /* U+7F6E "置" */
    0x00, 0x00, 0xf4, 0xf4, 0xf4, 0xf4, 0xf4, 0xf4,
    0xf4, 0xf4, 0xf4, 0xf4, 0xf4, 0xf4, 0xf4, 0xf4,
    0xf4, 0xf4, 0x63, 0x00, 0x00, 0x00, 0xff, 0xa9,
    0x2c, 0x2c, 0x2c, 0xfc, 0x9f, 0x2c, 0x2c, 0x43,
    0xff, 0x88, 0x2c, 0x2c, 0x50, 0xff, 0x68, 0x00,
    0x00, 0x00, 0xff, 0x98, 0x00, 0x00, 0x00, 0xfc,
    0x8c, 0x00, 0x00, 0x1c, 0xff, 0x70, 0x00, 0x00,
    0x2c, 0xff, 0x68, 0x00, 0x00, 0x00, 0xff, 0xfb,
    0xf4, 0xf4, 0xf4, 0xff, 0xfa, 0xf4, 0xf4, 0xf5,
    0xff, 0xf9, 0xf4, 0xf4, 0xf6, 0xff, 0x68, 0x00,
    0x00, 0x00, 0x30, 0x30, 0x30, 0x30, 0x30, 0x30,
    0x30, 0xab, 0xff, 0x33, 0x30, 0x30, 0x30, 0x30,
    0x30, 0x30, 0x13, 0x00, 0x00, 0x32, 0x40, 0x40,
    0x40, 0x40, 0x40, 0x40, 0x40, 0xb2, 0xff, 0x43,
    0x40, 0x40, 0x40, 0x40, 0x40, 0x40, 0x40, 0x0b,
    0x00, 0xbe, 0xf4, 0xf4, 0xf4, 0xf4, 0xf4, 0xf4,
    0xf4, 0xfb, 0xff, 0xf4, 0xf4, 0xf4, 0xf4, 0xf4,
    0xf4, 0xf4, 0xf4, 0x29, 0x00, 0x00, 0x00, 0x00,
    0x00, 0x00, 0x00, 0x00, 0x00, 0x9c, 0xff, 0x0c,
    0x00, 0x00, 0x00, 0x00, 0x00, 0x00, 0x00, 0x00,
    0x00, 0x00, 0x00, 0x90, 0xf4, 0xf4, 0xf4, 0xf4,
    0xf4, 0xfb, 0xff, 0xf4, 0xf4, 0xf4, 0xf4, 0xf4,
    0xf4, 0x0b, 0x00, 0x00, 0x00, 0x00, 0x00, 0x98,
    0xff, 0x55, 0x50, 0x50, 0x50, 0x50, 0x50, 0x50,
    0x50, 0x50, 0x50, 0xbe, 0xff, 0x0c, 0x00, 0x00,
    0x00, 0x00, 0x00, 0x98, 0xff, 0x36, 0x30, 0x30,
    0x30, 0x30, 0x30, 0x30, 0x30, 0x30, 0x30, 0xb2,
    0xff, 0x0c, 0x00, 0x00, 0x00, 0x00, 0x00, 0x98,
    0xff, 0xf4, 0xf4, 0xf4, 0xf4, 0xf4, 0xf4, 0xf4,
    0xf4, 0xf4, 0xf4, 0xfb, 0xff, 0x0c, 0x00, 0x00,
    0x00, 0x00, 0x00, 0x98, 0xff, 0x08, 0x00, 0x00,
    0x00, 0x00, 0x00, 0x00, 0x00, 0x00, 0x00, 0xa0,
    0xff, 0x0c, 0x00, 0x00, 0x00, 0x00, 0x00, 0x98,
    0xff, 0xff, 0xff, 0xff, 0xff, 0xff, 0xff, 0xff,
    0xff, 0xff, 0xff, 0xff, 0xff, 0x0c, 0x00, 0x00,
    0x00, 0x00, 0x00, 0x98, 0xff, 0x08, 0x00, 0x00,
    0x00, 0x00, 0x00, 0x00, 0x00, 0x00, 0x00, 0xa0,
    0xff, 0x0c, 0x00, 0x00, 0x00, 0x00, 0x00, 0x98,
    0xff, 0xf4, 0xf4, 0xf4, 0xf4, 0xf4, 0xf4, 0xf4,
    0xf4, 0xf4, 0xf4, 0xfb, 0xff, 0x0c, 0x00, 0x00,
    0x00, 0x00, 0x00, 0x98, 0xff, 0x3a, 0x34, 0x34,
    0x34, 0x34, 0x34, 0x34, 0x34, 0x34, 0x34, 0xb3,
    0xff, 0x0c, 0x00, 0x00, 0x24, 0x48, 0x48, 0xb5,
    0xff, 0x4d, 0x48, 0x48, 0x48, 0x48, 0x48, 0x48,
    0x48, 0x48, 0x48, 0xbb, 0xff, 0x50, 0x48, 0x42,
    0x80, 0xff, 0xff, 0xff, 0xff, 0xff, 0xff, 0xff,
    0xff, 0xff, 0xff, 0xff, 0xff, 0xff, 0xff, 0xff,
    0xff, 0xff, 0xff, 0xec,

    /* U+8109 "脉" */
    0x00, 0x00, 0x00, 0x00, 0x00, 0x00, 0x00, 0x00,
    0x00, 0x00, 0x03, 0x8a, 0x1f, 0x00, 0x00, 0x00,
    0x00, 0x00, 0x00, 0x00, 0x00, 0x00, 0x05, 0x0c,
    0x0c, 0x0c, 0x0c, 0x0b, 0x00, 0x00, 0x00, 0x45,
    0xff, 0xf8, 0x8e, 0x13, 0x00, 0x00, 0x00, 0x00,
    0x00, 0x00, 0x00, 0x7c, 0xff, 0xff, 0xff, 0xff,
    0xec, 0x00, 0x00, 0x00, 0x00, 0x33, 0xb9, 0xff,
    0xf0, 0x79, 0x08, 0x00, 0x00, 0x00, 0x00, 0x00,
    0x7c, 0xff, 0x88, 0x88, 0xbe, 0xec, 0x00, 0x00,
    0x00, 0x00, 0x00, 0x00, 0x40, 0xc8, 0xff, 0x81,
    0x00, 0x00, 0x00, 0x00, 0x00, 0x7c, 0xff, 0x00,
    0x00, 0x74, 0xec, 0x00, 0x69, 0x8c, 0x8c, 0x8c,
    0x8c, 0x8c, 0x40, 0x56, 0x17, 0x00, 0x00, 0x00,
    0x00, 0x00, 0x7c, 0xff, 0x00, 0x00, 0x74, 0xec,
    0x00, 0xc0, 0xff, 0xff, 0xff, 0xff, 0xff, 0x74,
    0x00, 0x00, 0x00, 0x28, 0x00, 0x00, 0x00, 0x7c,
    0xff, 0x14, 0x14, 0x7e, 0xec, 0x00, 0x09, 0x0c,
    0x0c, 0x0c, 0x1f, 0xff, 0x74, 0x00, 0x00, 0x57,
    0xfb, 0x4d, 0x00, 0x00, 0x7c, 0xff, 0xff, 0xff,
    0xff, 0xec, 0x00, 0x00, 0x00, 0x00, 0x00, 0x14,
    0xff, 0xa0, 0x00, 0x40, 0xf7, 0xe3, 0x1e, 0x00,
    0x00, 0x7c, 0xff, 0x70, 0x70, 0xb1, 0xec, 0x2a,
    0x90, 0x90, 0x90, 0x65, 0x14, 0xff, 0xef, 0x3f,
    0xf3, 0xeb, 0x28, 0x00, 0x00, 0x00, 0x7c, 0xff,
    0x00, 0x00, 0x74, 0xec, 0x4c, 0xff, 0xff, 0xff,
    0xb4, 0x14, 0xff, 0xff, 0xfb, 0xed, 0x2f, 0x00,
    0x00, 0x00, 0x00, 0x7c, 0xff, 0x00, 0x00, 0x74,
    0xec, 0x03, 0x0c, 0x0c, 0xe3, 0x98, 0x14, 0xff,
    0xff, 0xf4, 0x31, 0x00, 0x00, 0x00, 0x00, 0x00,
    0x7e, 0xff, 0x00, 0x00, 0x74, 0xec, 0x00, 0x00,
    0x20, 0xff, 0x5f, 0x14, 0xff, 0xd8, 0xfd, 0x2b,
    0x00, 0x00, 0x00, 0x00, 0x00, 0x83, 0xff, 0xf4,
    0xf4, 0xf9, 0xec, 0x00, 0x00, 0x6b, 0xff, 0x20,
    0x14, 0xff, 0x7d, 0xec, 0xad, 0x00, 0x00, 0x00,
    0x00, 0x00, 0x8b, 0xfb, 0xa0, 0xa0, 0xcb, 0xec,
    0x00, 0x00, 0xc7, 0xc5, 0x00, 0x14, 0xff, 0x74,
    0x7f, 0xff, 0x46, 0x00, 0x00, 0x00, 0x00, 0x9a,
    0xea, 0x00, 0x00, 0x74, 0xec, 0x00, 0x36, 0xff,
    0x64, 0x00, 0x14, 0xff, 0x74, 0x0c, 0xe8, 0xdd,
    0x0e, 0x00, 0x00, 0x00, 0xb2, 0xd9, 0x00, 0x00,
    0x74, 0xec, 0x00, 0xb6, 0xe4, 0x06, 0x00, 0x14,
    0xff, 0x74, 0x00, 0x60, 0xff, 0xaa, 0x00, 0x00,
    0x00, 0xd4, 0xb7, 0x00, 0x00, 0x74, 0xec, 0x54,
    0xff, 0x6a, 0x00, 0x00, 0x14, 0xff, 0x74, 0x00,
    0x00, 0xb3, 0xff, 0x88, 0x00, 0x0f, 0xfc, 0x89,
    0x00, 0x00, 0x78, 0xec, 0xa0, 0xd2, 0x03, 0x00,
    0x00, 0x1c, 0xff, 0x72, 0x00, 0x00, 0x14, 0xdd,
    0xb6, 0x00, 0x5a, 0xff, 0x45, 0x88, 0x90, 0xdf,
    0xdf, 0x16, 0x38, 0x2e, 0x70, 0x74, 0xbc, 0xff,
    0x5c, 0x00, 0x00, 0x00, 0x28, 0x14, 0x00, 0xb8,
    0xe7, 0x04, 0xd5, 0xff, 0xf0, 0x74, 0x00, 0x00,
    0x4a, 0xff, 0xff, 0xff, 0xcd, 0x0f, 0x00, 0x00,
    0x00, 0x00, 0x00, 0x00, 0x15, 0x40, 0x00, 0x00,
    0x00, 0x00, 0x00, 0x00, 0x00, 0x08, 0x2c, 0x2b,
    0x1b, 0x00, 0x00, 0x00, 0x00, 0x00, 0x00, 0x00,
    0x00,

    /* U+8235 "舵" */
    0x00, 0x00, 0x00, 0x00, 0xba, 0x9b, 0x00, 0x00,
    0x00, 0x00, 0x00, 0x00, 0x01, 0xaa, 0x9a, 0x00,
    0x00, 0x00, 0x00, 0x00, 0x00, 0x00, 0x00, 0x19,
    0xff, 0x87, 0x00, 0x00, 0x00, 0x00, 0x00, 0x00,
    0x00, 0x9f, 0xf9, 0x16, 0x00, 0x00, 0x00, 0x00,
    0x00, 0x23, 0x98, 0xb7, 0xff, 0xb9, 0x98, 0x98,
    0x17, 0x00, 0x00, 0x00, 0x00, 0x30, 0xff, 0x7c,
    0x00, 0x00, 0x00, 0x00, 0x00, 0x3c, 0xff, 0xf1,
    0xec, 0xec, 0xf2, 0xff, 0x28, 0xa3, 0xf4, 0xf4,
    0xf4, 0xf4, 0xff, 0xfc, 0xf4, 0xf4, 0xf4, 0x50,
    0x00, 0x3c, 0xff, 0x40, 0x00, 0x00, 0x54, 0xff,
    0x28, 0xac, 0xf8, 0xa0, 0xa0, 0xa0, 0xa0, 0xa0,
    0xa0, 0xb9, 0xff, 0x54, 0x00, 0x3c, 0xff, 0x65,
    0xd2, 0x13, 0x54, 0xff, 0x28, 0xac, 0xec, 0x00,
    0x00, 0x00, 0x00, 0x00, 0x00, 0x44, 0xff, 0x54,
    0x00, 0x3c, 0xff, 0x44, 0xde, 0x80, 0x54, 0xff,
    0x28, 0x96, 0xce, 0x00, 0x00, 0x00, 0x00, 0x00,
    0x00, 0x3c, 0xe4, 0x4a, 0x00, 0x3c, 0xff, 0x40,
    0x65, 0xed, 0x60, 0xff, 0x28, 0x00, 0x24, 0x70,
    0x24, 0x00, 0x00, 0x00, 0x00, 0x00, 0x00, 0x00,
    0x00, 0x3c, 0xff, 0x40, 0x05, 0x79, 0x5d, 0xff,
    0x28, 0x00, 0x54, 0xff, 0x54, 0x00, 0x00, 0x00,
    0x1a, 0x86, 0x00, 0x00, 0x23, 0x63, 0xff, 0x67,
    0x34, 0x34, 0x76, 0xff, 0x28, 0x00, 0x54, 0xff,
    0x54, 0x00, 0x00, 0x3c, 0xe7, 0xff, 0x38, 0x00,
    0xb0, 0xff, 0xff, 0xff, 0xff, 0xff, 0xff, 0xff,
    0x28, 0x00, 0x54, 0xff, 0x54, 0x0a, 0x87, 0xfb,
    0xf9, 0x6d, 0x00, 0x00, 0x31, 0x75, 0xff, 0x74,
    0x48, 0x48, 0x84, 0xff, 0x28, 0x00, 0x54, 0xff,
    0x97, 0xdf, 0xff, 0xd1, 0x2e, 0x00, 0x00, 0x00,
    0x00, 0x45, 0xff, 0x48, 0x7d, 0x01, 0x54, 0xff,
    0x28, 0x00, 0x54, 0xff, 0xff, 0xf4, 0x76, 0x04,
    0x00, 0x00, 0x00, 0x00, 0x00, 0x4e, 0xff, 0x4a,
    0xf9, 0x53, 0x54, 0xff, 0x28, 0x00, 0x54, 0xff,
    0xad, 0x19, 0x00, 0x00, 0x00, 0x0d, 0x02, 0x00,
    0x00, 0x63, 0xff, 0x1c, 0x9a, 0xcf, 0x54, 0xff,
    0x28, 0x00, 0x54, 0xff, 0x54, 0x00, 0x00, 0x00,
    0x00, 0x7a, 0xf1, 0x07, 0x00, 0x81, 0xfd, 0x06,
    0x21, 0xc0, 0x65, 0xff, 0x28, 0x00, 0x54, 0xff,
    0x54, 0x00, 0x00, 0x00, 0x00, 0x83, 0xfb, 0x00,
    0x00, 0xb0, 0xe0, 0x00, 0x00, 0x00, 0x54, 0xff,
    0x28, 0x00, 0x53, 0xff, 0x55, 0x00, 0x00, 0x00,
    0x00, 0x8c, 0xed, 0x00, 0x07, 0xf0, 0xaa, 0x00,
    0x00, 0x00, 0x59, 0xff, 0x27, 0x00, 0x4b, 0xff,
    0x72, 0x00, 0x00, 0x00, 0x00, 0xb3, 0xdb, 0x00,
    0x59, 0xff, 0x5b, 0x2e, 0x7c, 0x80, 0xd3, 0xff,
    0x10, 0x00, 0x23, 0xff, 0xf3, 0xab, 0xa0, 0xa0,
    0xba, 0xff, 0xb1, 0x00, 0xc8, 0xe8, 0x09, 0x3c,
    0xff, 0xfe, 0xea, 0x7d, 0x00, 0x00, 0x00, 0x7c,
    0xe9, 0xfe, 0xff, 0xff, 0xf7, 0xca, 0x2e, 0x00,
    0x15, 0x36, 0x00, 0x00, 0x00, 0x00, 0x00, 0x00,
    0x00, 0x00, 0x00, 0x00, 0x00, 0x00, 0x00, 0x00,
    0x00, 0x00, 0x00, 0x00,

    /* U+8F6C "转" */
    0x00, 0x00, 0x00, 0x00, 0x90, 0x79, 0x00, 0x00,
    0x00, 0x00, 0x00, 0x00, 0x35, 0x8d, 0x2a, 0x00,
    0x00, 0x00, 0x00, 0x00, 0x00, 0x00, 0x00, 0x09,
    0xf8, 0x9e, 0x00, 0x00, 0x00, 0x00, 0x00, 0x00,
    0x7a, 0xff, 0x38, 0x00, 0x00, 0x00, 0x00, 0x00,
    0x00, 0x00, 0x00, 0x47, 0xff, 0x58, 0x00, 0x00,
    0x00, 0x00, 0x00, 0x00, 0xa5, 0xfd, 0x0b, 0x00,
    0x00, 0x00, 0x00, 0x00, 0x28, 0x98, 0x98, 0xc8,
    0xff, 0xa7, 0x98, 0x98, 0x8c, 0x46, 0x84, 0x84,
    0xe3, 0xf2, 0x84, 0x84, 0x84, 0x84, 0x84, 0x16,
    0x40, 0xf4, 0xf4, 0xff, 0xfb, 0xf4, 0xf4, 0xf4,
    0xe0, 0x88, 0xff, 0xff, 0xff, 0xff, 0xff, 0xff,
    0xff, 0xff, 0xff, 0x2c, 0x00, 0x00, 0x31, 0xff,
    0x6b, 0x60, 0x33, 0x00, 0x00, 0x00, 0x00, 0x3b,
    0xff, 0x65, 0x00, 0x00, 0x00, 0x00, 0x00, 0x00,
    0x00, 0x00, 0x89, 0xfc, 0x17, 0xf8, 0x84, 0x00,
    0x00, 0x00, 0x00, 0x79, 0xff, 0x28, 0x00, 0x00,
    0x00, 0x00, 0x00, 0x00, 0x00, 0x02, 0xe0, 0xb8,
    0x00, 0xf8, 0x84, 0x00, 0x12, 0x80, 0x80, 0xd5,
    0xfb, 0x80, 0x80, 0x80, 0x80, 0x80, 0x80, 0x54,
    0x00, 0x49, 0xff, 0x57, 0x00, 0xf8, 0x84, 0x00,
    0x24, 0xff, 0xff, 0xff, 0xff, 0xff, 0xff, 0xff,
    0xff, 0xff, 0xff, 0xa8, 0x00, 0xaf, 0xf1, 0x2a,
    0x24, 0xf9, 0x95, 0x24, 0x22, 0x0c, 0x4c, 0xff,
    0x6b, 0x0c, 0x0c, 0x0c, 0x0c, 0x0c, 0x0c, 0x07,
    0x00, 0xd4, 0xff, 0xff, 0xff, 0xff, 0xff, 0xff,
    0xe8, 0x00, 0x8c, 0xff, 0x1c, 0x00, 0x00, 0x00,
    0x00, 0x00, 0x00, 0x00, 0x00, 0x4f, 0x60, 0x60,
    0x62, 0xff, 0xb2, 0x60, 0x57, 0x00, 0xcb, 0xf3,
    0x84, 0x84, 0x84, 0x84, 0x84, 0x84, 0x31, 0x00,
    0x00, 0x00, 0x00, 0x00, 0x04, 0xff, 0x84, 0x00,
    0x00, 0x00, 0xd4, 0xff, 0xff, 0xff, 0xff, 0xff,
    0xff, 0xff, 0x60, 0x00, 0x00, 0x00, 0x00, 0x00,
    0x04, 0xff, 0x84, 0x00, 0x05, 0x00, 0x09, 0x0c,
    0x0c, 0x0c, 0x0c, 0x0f, 0xcb, 0xf6, 0x24, 0x00,
    0x00, 0x02, 0x1d, 0x3d, 0x61, 0xff, 0xdc, 0xd6,
    0xf3, 0x00, 0x5a, 0x0d, 0x00, 0x00, 0x00, 0x7a,
    0xff, 0x6f, 0x00, 0x00, 0x6f, 0xfa, 0xff, 0xff,
    0xff, 0xff, 0xe6, 0xaf, 0x89, 0x24, 0xfe, 0xe8,
    0x65, 0x03, 0x31, 0xfa, 0xba, 0x01, 0x00, 0x00,
    0x41, 0x8f, 0x6a, 0x45, 0x25, 0xff, 0x84, 0x00,
    0x00, 0x00, 0x3b, 0xc8, 0xff, 0xd2, 0xd9, 0xec,
    0x19, 0x00, 0x00, 0x00, 0x00, 0x00, 0x00, 0x00,
    0x04, 0xff, 0x84, 0x00, 0x00, 0x00, 0x00, 0x01,
    0x5c, 0xe4, 0xff, 0xcb, 0x25, 0x00, 0x00, 0x00,
    0x00, 0x00, 0x00, 0x00, 0x04, 0xff, 0x84, 0x00,
    0x00, 0x00, 0x00, 0x00, 0x00, 0x0b, 0x86, 0xf8,
    0xf9, 0x87, 0x00, 0x00, 0x00, 0x00, 0x00, 0x00,
    0x04, 0xff, 0x84, 0x00, 0x00, 0x00, 0x00, 0x00,
    0x00, 0x00, 0x00, 0x23, 0xb6, 0x90, 0x00, 0x00,
    0x00, 0x00, 0x00, 0x00, 0x00, 0x00, 0x00, 0x00,
    0x00, 0x00, 0x00, 0x00, 0x00, 0x00, 0x00, 0x00,
    0x00, 0x04, 0x00, 0x00,

    /* U+8FDB "进" */
    0x00, 0x00, 0x14, 0x00, 0x00, 0x00, 0x00, 0x00,
    0x00, 0x81, 0x5e, 0x00, 0x00, 0x00, 0x1b, 0x90,
    0x38, 0x00, 0x00, 0x00, 0x00, 0x7f, 0xe5, 0x19,
    0x00, 0x00, 0x00, 0x00, 0x00, 0xec, 0xac, 0x00,
    0x00, 0x00, 0x30, 0xff, 0x64, 0x00, 0x00, 0x00,
    0x00, 0x48, 0xfd, 0xc5, 0x06, 0x00, 0x00, 0x00,
    0x00, 0xec, 0xac, 0x00, 0x00, 0x00, 0x30, 0xff,
    0x64, 0x00, 0x00, 0x00, 0x00, 0x00, 0x82, 0xff,
    0x95, 0x00, 0x0e, 0x28, 0x28, 0xef, 0xb9, 0x28,
    0x28, 0x28, 0x50, 0xff, 0x7c, 0x28, 0x26, 0x00,
    0x00, 0x00, 0x02, 0xbd, 0xff, 0x4d, 0x5c, 0xff,
    0xff, 0xff, 0xff, 0xff, 0xff, 0xff, 0xff, 0xff,
    0xff, 0xff, 0xf8, 0x00, 0x00, 0x00, 0x00, 0x18,
    0x9f, 0x0a, 0x29, 0x74, 0x74, 0xf5, 0xd2, 0x74,
    0x74, 0x74, 0x8e, 0xff, 0xaa, 0x74, 0x70, 0x00,
    0x00, 0x00, 0x00, 0x00, 0x00, 0x00, 0x00, 0x00,
    0x00, 0xec, 0xac, 0x00, 0x00, 0x00, 0x30, 0xff,
    0x64, 0x00, 0x00, 0x00, 0x14, 0x28, 0x28, 0x28,
    0x17, 0x00, 0x00, 0x00, 0x00, 0xec, 0xac, 0x00,
    0x00, 0x00, 0x30, 0xff, 0x64, 0x00, 0x00, 0x00,
    0x84, 0xff, 0xff, 0xff, 0x98, 0x00, 0x00, 0x00,
    0x00, 0xec, 0xab, 0x00, 0x00, 0x00, 0x30, 0xff,
    0x64, 0x00, 0x00, 0x00, 0x42, 0x80, 0x8a, 0xff,
    0x98, 0x03, 0x3c, 0x3c, 0x3c, 0xf0, 0xbe, 0x3c,
    0x3c, 0x3c, 0x60, 0xff, 0x88, 0x3c, 0x3c, 0x2c,
    0x00, 0x00, 0x14, 0xff, 0x98, 0x10, 0xff, 0xff,
    0xff, 0xff, 0xff, 0xff, 0xff, 0xff, 0xff, 0xff,
    0xff, 0xff, 0xff, 0xbc, 0x00, 0x00, 0x14, 0xff,
    0x98, 0x06, 0x60, 0x60, 0x65, 0xff, 0xb8, 0x60,
    0x60, 0x60, 0x7e, 0xff, 0x9e, 0x60, 0x60, 0x46,
    0x00, 0x00, 0x14, 0xff, 0x98, 0x00, 0x00, 0x00,
    0x2c, 0xff, 0x70, 0x00, 0x00, 0x00, 0x30, 0xff,
    0x64, 0x00, 0x00, 0x00, 0x00, 0x00, 0x14, 0xff,
    0x98, 0x00, 0x00, 0x00, 0x78, 0xff, 0x3e, 0x00,
    0x00, 0x00, 0x30, 0xff, 0x64, 0x00, 0x00, 0x00,
    0x00, 0x00, 0x14, 0xff, 0x98, 0x00, 0x00, 0x0f,
    0xe8, 0xe5, 0x03, 0x00, 0x00, 0x00, 0x30, 0xff,
    0x64, 0x00, 0x00, 0x00, 0x00, 0x00, 0x3b, 0xff,
    0xb8, 0x00, 0x00, 0xa7, 0xff, 0x61, 0x00, 0x00,
    0x00, 0x00, 0x30, 0xff, 0x64, 0x00, 0x00, 0x00,
    0x00, 0x1a, 0xe5, 0xff, 0xff, 0x60, 0x1e, 0xea,
    0xaf, 0x01, 0x00, 0x00, 0x00, 0x00, 0x30, 0xff,
    0x64, 0x00, 0x00, 0x00, 0x08, 0xca, 0xff, 0x71,
    0xbf, 0xfb, 0x71, 0x22, 0x0f, 0x00, 0x00, 0x00,
    0x00, 0x00, 0x02, 0x0c, 0x04, 0x00, 0x00, 0x00,
    0x91, 0xff, 0x9a, 0x00, 0x12, 0xca, 0xff, 0xf0,
    0xc2, 0xae, 0xa8, 0xa8, 0xa8, 0xa8, 0xa8, 0xa8,
    0xa8, 0xa8, 0xa8, 0x72, 0x43, 0xc1, 0x05, 0x00,
    0x00, 0x05, 0x6d, 0xc4, 0xec, 0xfb, 0xff, 0xff,
    0xff, 0xff, 0xff, 0xff, 0xff, 0xff, 0xff, 0x7b,
    0x00, 0x08, 0x00, 0x00, 0x00, 0x00, 0x00, 0x00,
    0x00, 0x00, 0x00, 0x00, 0x00, 0x00, 0x00, 0x00,
    0x00, 0x00, 0x00, 0x00,

    /* U+914D "配" */
    0x22, 0x28, 0x28, 0x28, 0x28, 0x28, 0x28, 0x28,
    0x28, 0x28, 0x0d, 0x06, 0x0c, 0x0c, 0x0c, 0x0c,
    0x0c, 0x0c, 0x06, 0x00, 0xdc, 0xff, 0xff, 0xff,
    0xff, 0xff, 0xff, 0xff, 0xff, 0xff, 0x54, 0x90,
    0xff, 0xff, 0xff, 0xff, 0xff, 0xff, 0x8c, 0x00,
    0x44, 0x50, 0x50, 0xb5, 0xc9, 0x50, 0xf5, 0x92,
    0x50, 0x50, 0x1a, 0x51, 0x90, 0x90, 0x90, 0x90,
    0x98, 0xff, 0x8c, 0x00, 0x00, 0x00, 0x00, 0x94,
    0xb0, 0x00, 0xf0, 0x60, 0x00, 0x00, 0x00, 0x00,
    0x00, 0x00, 0x00, 0x00, 0x14, 0xff, 0x8c, 0x00,
    0x0a, 0x44, 0x44, 0xb0, 0xc5, 0x44, 0xf4, 0x8a,
    0x44, 0x3f, 0x00, 0x00, 0x00, 0x00, 0x00, 0x00,
    0x14, 0xff, 0x8c, 0x00, 0x28, 0xff, 0xff, 0xff,
    0xff, 0xff, 0xff, 0xff, 0xff, 0xf0, 0x00, 0x00,
    0x00, 0x00, 0x00, 0x00, 0x14, 0xff, 0x8c, 0x00,
    0x28, 0xff, 0x53, 0x85, 0xbe, 0x30, 0xf3, 0x4d,
    0x87, 0xf0, 0x00, 0x00, 0x00, 0x00, 0x00, 0x00,
    0x14, 0xff, 0x8c, 0x00, 0x28, 0xff, 0x2c, 0x73,
    0xa3, 0x00, 0xf0, 0x24, 0x6c, 0xf0, 0x00, 0x43,
    0x7c, 0x7c, 0x7c, 0x7c, 0x86, 0xff, 0x8c, 0x00,
    0x28, 0xff, 0x2c, 0x89, 0x8f, 0x00, 0xf0, 0x24,
    0x6c, 0xf0, 0x00, 0x8c, 0xff, 0xff, 0xff, 0xff,
    0xff, 0xff, 0x8c, 0x00, 0x28, 0xff, 0x2c, 0xc3,
    0x5f, 0x00, 0xed, 0x3e, 0x6c, 0xf0, 0x00, 0x8c,
    0xff, 0x40, 0x30, 0x30, 0x30, 0x30, 0x1a, 0x00,
    0x28, 0xff, 0x6e, 0xf6, 0x12, 0x00, 0xb9, 0xfd,
    0xf7, 0xf0, 0x00, 0x8c, 0xff, 0x14, 0x00, 0x00,
    0x00, 0x00, 0x00, 0x00, 0x28, 0xff, 0xe2, 0x7d,
    0x00, 0x00, 0x06, 0x37, 0x97, 0xf0, 0x00, 0x8c,
    0xff, 0x14, 0x00, 0x00, 0x00, 0x00, 0x00, 0x00,
    0x28, 0xff, 0x3c, 0x04, 0x00, 0x00, 0x00, 0x00,
    0x74, 0xf0, 0x00, 0x8c, 0xff, 0x14, 0x00, 0x00,
    0x00, 0x0c, 0x41, 0x0d, 0x28, 0xff, 0xf6, 0xf4,
    0xf4, 0xf4, 0xf4, 0xf4, 0xf9, 0xf0, 0x00, 0x8c,
    0xff, 0x14, 0x00, 0x00, 0x00, 0x26, 0xff, 0x6b,
    0x28, 0xff, 0x9a, 0x80, 0x80, 0x80, 0x80, 0x80,
    0xba, 0xf0, 0x00, 0x8c, 0xff, 0x14, 0x00, 0x00,
    0x00, 0x2d, 0xff, 0x5e, 0x28, 0xff, 0x34, 0x00,
    0x00, 0x00, 0x00, 0x00, 0x74, 0xf0, 0x00, 0x8c,
    0xff, 0x14, 0x00, 0x00, 0x00, 0x34, 0xff, 0x51,
    0x28, 0xff, 0x67, 0x40, 0x40, 0x40, 0x40, 0x40,
    0x97, 0xf0, 0x00, 0x88, 0xff, 0x22, 0x00, 0x00,
    0x00, 0x58, 0xff, 0x3c, 0x28, 0xff, 0xff, 0xff,
    0xff, 0xff, 0xff, 0xff, 0xff, 0xf0, 0x00, 0x6c,
    0xff, 0xd5, 0xa1, 0xa0, 0xa6, 0xee, 0xfd, 0x12,
    0x28, 0xff, 0x57, 0x2c, 0x2c, 0x2c, 0x2c, 0x2c,
    0x2c, 0x29, 0x00, 0x10, 0xbb, 0xf7, 0xff, 0xff,
    0xff, 0xed, 0x7b, 0x00,

    /* U+9A71 "驱" */
    0x33, 0xb8, 0xb8, 0xb8, 0xb8, 0xb8, 0xb8, 0x23,
    0x00, 0x81, 0x8c, 0x8c, 0x8c, 0x8c, 0x8c, 0x8c,
    0x8c, 0x8c, 0x8c, 0x66, 0x39, 0xcc, 0xcc, 0xcc,
    0xcc, 0xdf, 0xff, 0x22, 0x00, 0xec, 0xff, 0xff,
    0xff, 0xff, 0xff, 0xff, 0xff, 0xff, 0xff, 0xbc,
    0x00, 0x05, 0x20, 0x07, 0x00, 0x69, 0xff, 0x10,
    0x00, 0xec, 0xac, 0x0c, 0x0c, 0x0c, 0x0c, 0x0c,
    0x0c, 0x0c, 0x0c, 0x08, 0x00, 0x31, 0xff, 0x37,
    0x00, 0x7b, 0xfc, 0x01, 0x00, 0xec, 0xa8, 0x0b,
    0x5c, 0x00, 0x00, 0x00, 0x00, 0x8e, 0x42, 0x00,
    0x00, 0x46, 0xff, 0x23, 0x00, 0x8e, 0xec, 0x00,
    0x00, 0xec, 0xa8, 0x69, 0xff, 0x40, 0x00, 0x00,
    0x2d, 0xff, 0x6c, 0x00, 0x00, 0x5a, 0xff, 0x0f,
    0x00, 0xa0, 0xdb, 0x00, 0x00, 0xec, 0xa8, 0x04,
    0xd2, 0xd8, 0x06, 0x00, 0x9d, 0xee, 0x0b, 0x00,
    0x00, 0x6f, 0xfa, 0x00, 0x00, 0xb2, 0xc9, 0x00,
    0x00, 0xec, 0xa8, 0x00, 0x3d, 0xff, 0x79, 0x15,
    0xf7, 0x87, 0x00, 0x00, 0x00, 0x83, 0xe7, 0x00,
    0x00, 0xc4, 0xb7, 0x00, 0x00, 0xec, 0xa8, 0x00,
    0x00, 0xa7, 0xf5, 0x99, 0xfa, 0x1a, 0x00, 0x00,
    0x00, 0x97, 0xd2, 0x00, 0x00, 0xd6, 0xa5, 0x00,
    0x00, 0xec, 0xa8, 0x00, 0x00, 0x1d, 0xf5, 0xff,
    0xa2, 0x00, 0x00, 0x00, 0x00, 0xac, 0xfd, 0xf4,
    0xf4, 0xfe, 0xfb, 0xdf, 0x00, 0xec, 0xa8, 0x00,
    0x00, 0x00, 0xa1, 0xff, 0x54, 0x00, 0x00, 0x00,
    0x00, 0x5d, 0x80, 0x80, 0x80, 0x80, 0xce, 0xde,
    0x00, 0xec, 0xa8, 0x00, 0x00, 0x19, 0xf3, 0xff,
    0xc8, 0x01, 0x00, 0x00, 0x00, 0x00, 0x00, 0x00,
    0x00, 0x00, 0xa8, 0xd2, 0x00, 0xec, 0xa8, 0x00,
    0x00, 0x9f, 0xf8, 0x88, 0xff, 0x5b, 0x00, 0x00,
    0x00, 0x00, 0x18, 0x40, 0x6a, 0x3d, 0xb7, 0xc6,
    0x00, 0xec, 0xa8, 0x00, 0x39, 0xfe, 0x84, 0x03,
    0xd7, 0xe2, 0x08, 0x00, 0x75, 0xf0, 0xff, 0xff,
    0xff, 0x7d, 0xc7, 0xba, 0x00, 0xec, 0xa8, 0x0a,
    0xda, 0xe1, 0x0a, 0x00, 0x4f, 0xff, 0x77, 0x00,
    0x51, 0x95, 0x6f, 0x48, 0x1f, 0x01, 0xd6, 0xaf,
    0x00, 0xec, 0xa8, 0x8e, 0xfe, 0x41, 0x00, 0x00,
    0x00, 0xc2, 0xef, 0x0d, 0x00, 0x00, 0x00, 0x00,
    0x00, 0x00, 0xe5, 0xa3, 0x00, 0xec, 0xa8, 0x22,
    0x6d, 0x00, 0x00, 0x00, 0x00, 0x33, 0x50, 0x00,
    0x00, 0x00, 0x00, 0x00, 0x00, 0x09, 0xfb, 0x93,
    0x00, 0xec, 0xa9, 0x04, 0x04, 0x04, 0x04, 0x04,
    0x04, 0x04, 0x04, 0x03, 0x00, 0x07, 0x78, 0x78,
    0x7c, 0xc1, 0xff, 0x69, 0x00, 0xec, 0xff, 0xff,
    0xff, 0xff, 0xff, 0xff, 0xff, 0xff, 0xff, 0xd0,
    0x00, 0x00, 0xec, 0xff, 0xfe, 0xf0, 0xad, 0x0b,
    0x00, 0x81, 0x8c, 0x8c, 0x8c, 0x8c, 0x8c, 0x8c,
    0x8c, 0x8c, 0x8c, 0x71
};

/*---------------------
 *  GLYPH DESCRIPTION
 *--------------------*/

static const lv_font_fmt_txt_glyph_dsc_t glyph_dsc[] = {
    {.bitmap_index = 0, .adv_w = 0, .box_w = 0, .box_h = 0, .ofs_x = 0, .ofs_y = 0} /* id = 0 reserved */,
    {.bitmap_index = 0, .adv_w = 126, .box_w = 0, .box_h = 0, .ofs_x = 0, .ofs_y = 0},
    {.bitmap_index = 0, .adv_w = 94, .box_w = 4, .box_h = 17, .ofs_x = 1, .ofs_y = 0},
    {.bitmap_index = 68, .adv_w = 119, .box_w = 6, .box_h = 6, .ofs_x = 1, .ofs_y = 13},
    {.bitmap_index = 104, .adv_w = 249, .box_w = 15, .box_h = 17, .ofs_x = 0, .ofs_y = 0},
    {.bitmap_index = 359, .adv_w = 203, .box_w = 13, .box_h = 20, .ofs_x = 0, .ofs_y = -2},
    {.bitmap_index = 619, .adv_w = 289, .box_w = 18, .box_h = 17, .ofs_x = 0, .ofs_y = 0},
    {.bitmap_index = 925, .adv_w = 251, .box_w = 15, .box_h = 17, .ofs_x = 1, .ofs_y = 0},
    {.bitmap_index = 1180, .adv_w = 67, .box_w = 3, .box_h = 6, .ofs_x = 1, .ofs_y = 13},
    {.bitmap_index = 1198, .adv_w = 109, .box_w = 6, .box_h = 20, .ofs_x = 1, .ofs_y = -1},
    {.bitmap_index = 1318, .adv_w = 109, .box_w = 6, .box_h = 20, .ofs_x = 0, .ofs_y = -1},
    {.bitmap_index = 1438, .adv_w = 157, .box_w = 8, .box_h = 7, .ofs_x = 1, .ofs_y = 10},
    {.bitmap_index = 1494, .adv_w = 215, .box_w = 11, .box_h = 10, .ofs_x = 1, .ofs_y = 4},
    {.bitmap_index = 1604, .adv_w = 91, .box_w = 4, .box_h = 7, .ofs_x = 1, .ofs_y = -4},
    {.bitmap_index = 1632, .adv_w = 139, .box_w = 8, .box_h = 2, .ofs_x = 0, .ofs_y = 8},
    {.bitmap_index = 1648, .adv_w = 87, .box_w = 3, .box_h = 3, .ofs_x = 1, .ofs_y = 0},
    {.bitmap_index = 1657, .adv_w = 140, .box_w = 8, .box_h = 17, .ofs_x = 0, .ofs_y = 0},
    {.bitmap_index = 1793, .adv_w = 223, .box_w = 12, .box_h = 17, .ofs_x = 1, .ofs_y = 0},
    {.bitmap_index = 1997, .adv_w = 142, .box_w = 6, .box_h = 17, .ofs_x = 1, .ofs_y = 0},
    {.bitmap_index = 2099, .adv_w = 199, .box_w = 11, .box_h = 17, .ofs_x = 1, .ofs_y = 0},
    {.bitmap_index = 2286, .adv_w = 208, .box_w = 11, .box_h = 17, .ofs_x = 1, .ofs_y = 0},
    {.bitmap_index = 2473, .adv_w = 208, .box_w = 13, .box_h = 17, .ofs_x = 0, .ofs_y = 0},
    {.bitmap_index = 2694, .adv_w = 213, .box_w = 11, .box_h = 17, .ofs_x = 1, .ofs_y = 0},
    {.bitmap_index = 2881, .adv_w = 213, .box_w = 12, .box_h = 17, .ofs_x = 1, .ofs_y = 0},
    {.bitmap_index = 3085, .adv_w = 186, .box_w = 11, .box_h = 17, .ofs_x = 0, .ofs_y = 0},
    {.bitmap_index = 3272, .adv_w = 222, .box_w = 12, .box_h = 17, .ofs_x = 1, .ofs_y = 0},
    {.bitmap_index = 3476, .adv_w = 211, .box_w = 11, .box_h = 17, .ofs_x = 1, .ofs_y = 0},
    {.bitmap_index = 3663, .adv_w = 87, .box_w = 3, .box_h = 12, .ofs_x = 1, .ofs_y = 0},
    {.bitmap_index = 3699, .adv_w = 91, .box_w = 4, .box_h = 16, .ofs_x = 1, .ofs_y = -4},
    {.bitmap_index = 3763, .adv_w = 215, .box_w = 11, .box_h = 13, .ofs_x = 1, .ofs_y = 2},
    {.bitmap_index = 3906, .adv_w = 215, .box_w = 11, .box_h = 7, .ofs_x = 1, .ofs_y = 5},
    {.bitmap_index = 3983, .adv_w = 215, .box_w = 11, .box_h = 13, .ofs_x = 1, .ofs_y = 2},
    {.bitmap_index = 4126, .adv_w = 173, .box_w = 10, .box_h = 17, .ofs_x = 0, .ofs_y = 0},
    {.bitmap_index = 4296, .adv_w = 290, .box_w = 18, .box_h = 17, .ofs_x = 0, .ofs_y = 0},
    {.bitmap_index = 4602, .adv_w = 234, .box_w = 15, .box_h = 17, .ofs_x = 0, .ofs_y = 0},
    {.bitmap_index = 4857, .adv_w = 235, .box_w = 13, .box_h = 17, .ofs_x = 1, .ofs_y = 0},
    {.bitmap_index = 5078, .adv_w = 247, .box_w = 14, .box_h = 17, .ofs_x = 1, .ofs_y = 0},
    {.bitmap_index = 5316, .adv_w = 262, .box_w = 15, .box_h = 17, .ofs_x = 1, .ofs_y = 0},
    {.bitmap_index = 5571, .adv_w = 210, .box_w = 12, .box_h = 17, .ofs_x = 1, .ofs_y = 0},
    {.bitmap_index = 5775, .adv_w = 202, .box_w = 11, .box_h = 17, .ofs_x = 1, .ofs_y = 0},
    {.bitmap_index = 5962, .adv_w = 260, .box_w = 14, .box_h = 17, .ofs_x = 1, .ofs_y = 0},
    {.bitmap_index = 6200, .adv_w = 253, .box_w = 14, .box_h = 17, .ofs_x = 1, .ofs_y = 0},
    {.bitmap_index = 6438, .adv_w = 86, .box_w = 3, .box_h = 17, .ofs_x = 1, .ofs_y = 0},
    {.bitmap_index = 6489, .adv_w = 170, .box_w = 9, .box_h = 17, .ofs_x = 0, .ofs_y = 0},
    {.bitmap_index = 6642, .adv_w = 230, .box_w = 14, .box_h = 17, .ofs_x = 1, .ofs_y = 0},
    {.bitmap_index = 6880, .adv_w = 199, .box_w = 11, .box_h = 17, .ofs_x = 1, .ofs_y = 0},
    {.bitmap_index = 7067, .adv_w = 309, .box_w = 17, .box_h = 17, .ofs_x = 1, .ofs_y = 0},
    {.bitmap_index = 7356, .adv_w = 258, .box_w = 14, .box_h = 17, .ofs_x = 1, .ofs_y = 0},
    {.bitmap_index = 7594, .adv_w = 277, .box_w = 16, .box_h = 17, .ofs_x = 1, .ofs_y = 0},
    {.bitmap_index = 7866, .adv_w = 220, .box_w = 12, .box_h = 17, .ofs_x = 1, .ofs_y = 0},
    {.bitmap_index = 8070, .adv_w = 277, .box_w = 16, .box_h = 19, .ofs_x = 1, .ofs_y = -2},
    {.bitmap_index = 8374, .adv_w = 223, .box_w = 13, .box_h = 17, .ofs_x = 1, .ofs_y = 0},
    {.bitmap_index = 8595, .adv_w = 213, .box_w = 13, .box_h = 17, .ofs_x = 0, .ofs_y = 0},
    {.bitmap_index = 8816, .adv_w = 213, .box_w = 13, .box_h = 17, .ofs_x = 0, .ofs_y = 0},
    {.bitmap_index = 9037, .adv_w = 247, .box_w = 13, .box_h = 17, .ofs_x = 1, .ofs_y = 0},
    {.bitmap_index = 9258, .adv_w = 234, .box_w = 15, .box_h = 17, .ofs_x = 0, .ofs_y = 0},
    {.bitmap_index = 9513, .adv_w = 340, .box_w = 21, .box_h = 17, .ofs_x = 0, .ofs_y = 0},
    {.bitmap_index = 9870, .adv_w = 223, .box_w = 14, .box_h = 17, .ofs_x = 0, .ofs_y = 0},
    {.bitmap_index = 10108, .adv_w = 220, .box_w = 14, .box_h = 17, .ofs_x = 0, .ofs_y = 0},
    {.bitmap_index = 10346, .adv_w = 209, .box_w = 13, .box_h = 17, .ofs_x = 0, .ofs_y = 0},
    {.bitmap_index = 10567, .adv_w = 123, .box_w = 6, .box_h = 20, .ofs_x = 2, .ofs_y = -1},
    {.bitmap_index = 10687, .adv_w = 119, .box_w = 8, .box_h = 17, .ofs_x = 0, .ofs_y = 0},
    {.bitmap_index = 10823, .adv_w = 123, .box_w = 6, .box_h = 20, .ofs_x = 0, .ofs_y = -1},
    {.bitmap_index = 10943, .adv_w = 157, .box_w = 10, .box_h = 6, .ofs_x = 0, .ofs_y = 12},
    {.bitmap_index = 11003, .adv_w = 161, .box_w = 11, .box_h = 2, .ofs_x = 0, .ofs_y = -3},
    {.bitmap_index = 11025, .adv_w = 91, .box_w = 5, .box_h = 5, .ofs_x = 0, .ofs_y = 12},
    {.bitmap_index = 11050, .adv_w = 188, .box_w = 10, .box_h = 12, .ofs_x = 1, .ofs_y = 0},
    {.bitmap_index = 11170, .adv_w = 210, .box_w = 12, .box_h = 17, .ofs_x = 1, .ofs_y = 0},
    {.bitmap_index = 11374, .adv_w = 187, .box_w = 10, .box_h = 12, .ofs_x = 1, .ofs_y = 0},
    {.bitmap_index = 11494, .adv_w = 211, .box_w = 11, .box_h = 17, .ofs_x = 1, .ofs_y = 0},
    {.bitmap_index = 11681, .adv_w = 196, .box_w = 11, .box_h = 12, .ofs_x = 1, .ofs_y = 0},
    {.bitmap_index = 11813, .adv_w = 123, .box_w = 8, .box_h = 17, .ofs_x = 0, .ofs_y = 0},
    {.bitmap_index = 11949, .adv_w = 211, .box_w = 11, .box_h = 17, .ofs_x = 1, .ofs_y = -5},
    {.bitmap_index = 12136, .adv_w = 204, .box_w = 11, .box_h = 17, .ofs_x = 1, .ofs_y = 0},
    {.bitmap_index = 12323, .adv_w = 88, .box_w = 3, .box_h = 17, .ofs_x = 1, .ofs_y = 0},
    {.bitmap_index = 12374, .adv_w = 88, .box_w = 6, .box_h = 22, .ofs_x = -2, .ofs_y = -5},
    {.bitmap_index = 12506, .adv_w = 180, .box_w = 10, .box_h = 17, .ofs_x = 1, .ofs_y = 0},
    {.bitmap_index = 12676, .adv_w = 87, .box_w = 4, .box_h = 17, .ofs_x = 1, .ofs_y = 0},
    {.bitmap_index = 12744, .adv_w = 310, .box_w = 17, .box_h = 12, .ofs_x = 1, .ofs_y = 0},
    {.bitmap_index = 12948, .adv_w = 204, .box_w = 11, .box_h = 12, .ofs_x = 1, .ofs_y = 0},
    {.bitmap_index = 13080, .adv_w = 203, .box_w = 11, .box_h = 12, .ofs_x = 1, .ofs_y = 0},
    {.bitmap_index = 13212, .adv_w = 210, .box_w = 12, .box_h = 17, .ofs_x = 1, .ofs_y = -5},
    {.bitmap_index = 13416, .adv_w = 211, .box_w = 11, .box_h = 17, .ofs_x = 1, .ofs_y = -5},
    {.bitmap_index = 13603, .adv_w = 133, .box_w = 8, .box_h = 12, .ofs_x = 1, .ofs_y = 0},
    {.bitmap_index = 13699, .adv_w = 166, .box_w = 10, .box_h = 12, .ofs_x = 0, .ofs_y = 0},
    {.bitmap_index = 13819, .adv_w = 126, .box_w = 8, .box_h = 16, .ofs_x = 0, .ofs_y = 0},
    {.bitmap_index = 13947, .adv_w = 204, .box_w = 11, .box_h = 12, .ofs_x = 1, .ofs_y = 0},
    {.bitmap_index = 14079, .adv_w = 180, .box_w = 12, .box_h = 12, .ofs_x = 0, .ofs_y = 0},
    {.bitmap_index = 14223, .adv_w = 281, .box_w = 18, .box_h = 12, .ofs_x = 0, .ofs_y = 0},
    {.bitmap_index = 14439, .adv_w = 174, .box_w = 11, .box_h = 12, .ofs_x = 0, .ofs_y = 0},
    {.bitmap_index = 14571, .adv_w = 182, .box_w = 12, .box_h = 17, .ofs_x = 0, .ofs_y = -5},
    {.bitmap_index = 14775, .adv_w = 172, .box_w = 11, .box_h = 12, .ofs_x = 0, .ofs_y = 0},
    {.bitmap_index = 14907, .adv_w = 124, .box_w = 8, .box_h = 20, .ofs_x = 0, .ofs_y = -1},
    {.bitmap_index = 15067, .adv_w = 80, .box_w = 3, .box_h = 20, .ofs_x = 1, .ofs_y = -1},
    {.bitmap_index = 15127, .adv_w = 124, .box_w = 8, .box_h = 20, .ofs_x = 0, .ofs_y = -1},
    {.bitmap_index = 15287, .adv_w = 183, .box_w = 10, .box_h = 3, .ofs_x = 1, .ofs_y = 7},
    {.bitmap_index = 15317, .adv_w = 0, .box_w = 0, .box_h = 0, .ofs_x = 0, .ofs_y = 0},
    {.bitmap_index = 15317, .adv_w = 352, .box_w = 20, .box_h = 19, .ofs_x = 1, .ofs_y = -1},
    {.bitmap_index = 15697, .adv_w = 352, .box_w = 20, .box_h = 21, .ofs_x = 1, .ofs_y = -2},
    {.bitmap_index = 16117, .adv_w = 352, .box_w = 19, .box_h = 21, .ofs_x = 1, .ofs_y = -1},
    {.bitmap_index = 16516, .adv_w = 352, .box_w = 20, .box_h = 21, .ofs_x = 1, .ofs_y = -2},
    {.bitmap_index = 16936, .adv_w = 352, .box_w = 19, .box_h = 21, .ofs_x = 1, .ofs_y = -1},
    {.bitmap_index = 17335, .adv_w = 352, .box_w = 20, .box_h = 21, .ofs_x = 1, .ofs_y = -2},
    {.bitmap_index = 17755, .adv_w = 352, .box_w = 20, .box_h = 20, .ofs_x = 1, .ofs_y = -2},
    {.bitmap_index = 18155, .adv_w = 352, .box_w = 18, .box_h = 21, .ofs_x = 2, .ofs_y = -1},
    {.bitmap_index = 18533, .adv_w = 352, .box_w = 20, .box_h = 20, .ofs_x = 1, .ofs_y = -1},
    {.bitmap_index = 18933, .adv_w = 352, .box_w = 20, .box_h = 22, .ofs_x = 1, .ofs_y = -2},
    {.bitmap_index = 19373, .adv_w = 352, .box_w = 20, .box_h = 21, .ofs_x = 1, .ofs_y = -2},
    {.bitmap_index = 19793, .adv_w = 352, .box_w = 20, .box_h = 20, .ofs_x = 1, .ofs_y = -1},
    {.bitmap_index = 20193, .adv_w = 352, .box_w = 20, .box_h = 21, .ofs_x = 1, .ofs_y = -2},
    {.bitmap_index = 20613, .adv_w = 352, .box_w = 20, .box_h = 21, .ofs_x = 1, .ofs_y = -2},
    {.bitmap_index = 21033, .adv_w = 352, .box_w = 20, .box_h = 21, .ofs_x = 1, .ofs_y = -2},
    {.bitmap_index = 21453, .adv_w = 352, .box_w = 20, .box_h = 22, .ofs_x = 1, .ofs_y = -2},
    {.bitmap_index = 21893, .adv_w = 352, .box_w = 20, .box_h = 21, .ofs_x = 1, .ofs_y = -2},
    {.bitmap_index = 22313, .adv_w = 352, .box_w = 20, .box_h = 21, .ofs_x = 1, .ofs_y = -2},
    {.bitmap_index = 22733, .adv_w = 352, .box_w = 20, .box_h = 20, .ofs_x = 2, .ofs_y = -1},
    {.bitmap_index = 23133, .adv_w = 352, .box_w = 20, .box_h = 21, .ofs_x = 1, .ofs_y = -2},
    {.bitmap_index = 23553, .adv_w = 352, .box_w = 19, .box_h = 20, .ofs_x = 1, .ofs_y = -1},
    {.bitmap_index = 23933, .adv_w = 352, .box_w = 20, .box_h = 19, .ofs_x = 1, .ofs_y = -1},
    {.bitmap_index = 24313, .adv_w = 352, .box_w = 21, .box_h = 21, .ofs_x = 1, .ofs_y = -2},
    {.bitmap_index = 24754, .adv_w = 352, .box_w = 20, .box_h = 21, .ofs_x = 1, .ofs_y = -2},
    {.bitmap_index = 25174, .adv_w = 352, .box_w = 20, .box_h = 21, .ofs_x = 1, .ofs_y = -2},
    {.bitmap_index = 25594, .adv_w = 352, .box_w = 20, .box_h = 21, .ofs_x = 1, .ofs_y = -2},
    {.bitmap_index = 26014, .adv_w = 352, .box_w = 20, .box_h = 19, .ofs_x = 1, .ofs_y = -1},
    {.bitmap_index = 26394, .adv_w = 352, .box_w = 20, .box_h = 19, .ofs_x = 1, .ofs_y = -1}
};

/*---------------------
 *  CHARACTER MAPPING
 *--------------------*/

static const uint16_t unicode_list_1[] = {
    0x00, 0x2e5, 0x324, 0x378, 0x3a8, 0x41a, 0x4fd, 0x583,
    0x8fd, 0xd2f, 0x1018, 0x1519, 0x16e2, 0x172b, 0x173d, 0x18ac,
    0x1cd7, 0x1eb3, 0x26a7, 0x2ded, 0x3038, 0x30e0, 0x327b, 0x33a7,
    0x40de, 0x414d, 0x42bf, 0x4be3
};

/*Collect the unicode lists and glyph_id offsets*/
static const lv_font_fmt_txt_cmap_t cmaps[] =
{
    {
        .range_start = 32, .range_length = 96, .glyph_id_start = 1,
        .unicode_list = NULL, .glyph_id_ofs_list = NULL, .list_length = 0, .type = LV_FONT_FMT_TXT_CMAP_FORMAT0_TINY
    },
    {
        .range_start = 20110, .range_length = 19428, .glyph_id_start = 97,
        .unicode_list = unicode_list_1, .glyph_id_ofs_list = NULL, .list_length = 28, .type = LV_FONT_FMT_TXT_CMAP_SPARSE_TINY
    }
};

/*-----------------
 *    KERNING
 *----------------*/

/*Map glyph_ids to kern left classes*/
static const uint8_t kern_left_class_mapping[] =
{
    0, 0, 0, 0, 0, 0, 0, 1,
    0, 0, 0, 0, 0, 2, 0, 2,
    3, 4, 0, 5, 6, 7, 0, 8,
    9, 10, 11, 0, 0, 0, 0, 0,
    0, 0, 12, 13, 14, 15, 16, 17,
    18, 0, 0, 19, 20, 21, 0, 0,
    15, 22, 23, 24, 25, 26, 27, 28,
    29, 30, 31, 32, 0, 0, 0, 0,
    33, 0, 34, 35, 36, 0, 37, 38,
    39, 34, 0, 0, 40, 41, 34, 34,
    35, 35, 39, 42, 43, 44, 39, 45,
    46, 47, 45, 48, 0, 0, 0, 0,
    0, 0, 0, 0, 0, 0, 0, 0,
    0, 0, 0, 0, 0, 0, 0, 0,
    0, 0, 0, 0, 0, 0, 0, 0,
    0, 0, 0, 0, 0
};

/*Map glyph_ids to kern right classes*/
static const uint8_t kern_right_class_mapping[] =
{
    0, 0, 0, 0, 0, 0, 0, 1,
    0, 0, 0, 0, 0, 2, 0, 2,
    3, 4, 5, 6, 7, 8, 0, 9,
    10, 11, 12, 0, 0, 0, 0, 0,
    0, 0, 13, 0, 14, 0, 0, 0,
    14, 0, 0, 15, 0, 0, 0, 0,
    14, 0, 14, 0, 16, 17, 18, 19,
    20, 21, 22, 23, 0, 0, 0, 0,
    0, 0, 24, 0, 25, 25, 25, 26,
    25, 0, 0, 27, 0, 28, 29, 29,
    25, 29, 25, 29, 30, 31, 32, 33,
    34, 35, 33, 36, 0, 0, 0, 0,
    0, 0, 0, 0, 0, 0, 0, 0,
    0, 0, 0, 0, 0, 0, 0, 0,
    0, 0, 0, 0, 0, 0, 0, 0,
    0, 0, 0, 0, 0
};

/*Kern values between classes*/
static const int8_t kern_class_values[] =
{
    0, 0, 0, 0, 0, 0, 0, 0,
    0, 0, 0, 0, 0, -3, -10, 0,
    -28, -7, -25, -14, 0, -35, 0, -6,
    -4, -1, 0, -9, 0, 0, -3, 0,
    -14, -10, 0, 0, 0, 0, 0, 0,
    -21, 0, 0, -17, 0, 0, 0, -21,
    0, 0, 0, 0, 0, 0, 0, 0,
    0, 0, 0, 0, 0, 0, 0, 0,
    0, 0, 0, 0, 0, 0, 0, 0,
    0, 0, 0, 0, 0, 0, 0, -25,
    -18, 0, 0, 0, 0, 0, 0, 0,
    0, 0, 0, 0, 0, 0, 0, 0,
    0, 0, 0, 0, 0, 0, 0, 0,
    0, 0, 0, 0, 0, 0, 0, 0,
    0, -10, 0, 0, 0, -7, 0, 0,
    0, 0, 0, 0, 0, 0, 0, 0,
    0, 0, 0, 0, 0, 0, 0, 0,
    0, 0, 0, 0, 0, 0, 0, 0,
    0, 0, 0, -6, 0, 0, -9, -11,
    -7, 0, 0, 0, 0, 0, 0, 0,
    0, 0, 0, 0, 0, 0, 0, 0,
    0, 0, 0, 0, 0, 0, 0, 0,
    0, 0, 0, 0, 0, 0, 0, 0,
    0, -7, 0, 0, 0, 0, 0, -4,
    0, 0, 0, 0, 0, 0, 0, 0,
    0, 0, 0, 0, 0, 0, 0, 0,
    0, 0, 0, 0, 0, 0, 0, 0,
    0, 0, 0, 0, 0, 0, -7, 0,
    0, -10, 0, -7, 0, 0, 0, 0,
    0, 0, 0, 0, 0, 0, 0, 0,
    0, 0, 0, 0, 0, 0, 0, 0,
    0, 0, 0, 0, 0, 0, 0, 0,
    -11, 0, 0, 0, 0, -14, 0, -4,
    0, 0, 0, 0, 0, 0, 0, 0,
    0, 0, 0, 0, 0, 0, 0, 0,
    0, 0, 0, 0, 0, 0, 0, 0,
    0, -49, -32, -7, 0, 0, 0, -25,
    -24, 0, -7, 0, 0, 0, 0, 0,
    0, 0, 0, 0, 0, 0, 0, 0,
    0, 0, 0, 0, 0, 0, 0, 0,
    0, 0, 0, 0, 0, 0, 0, 0,
    0, 0, 0, 0, 0, -7, 0, -5,
    0, 0, 0, 0, 0, 0, 0, 0,
    0, 0, 0, 0, 0, 0, 0, 0,
    0, 0, 0, 0, 0, 0, 0, 0,
    0, -39, -18, 0, 0, 0, 0, -8,
    -4, 0, -7, 0, 0, 0, 0, 0,
    0, 0, 0, 0, 0, 0, 0, 0,
    0, 0, 0, 0, 0, 0, 0, 0,
    0, 0, 0, 0, -4, 0, 0, 0,
    0, 0, 0, 0, 0, 0, 0, 0,
    0, -9, 0, 0, -47, -6, -38, -26,
    0, -41, 0, 0, -6, 0, 0, 0,
    0, 0, 0, 0, -17, -9, 0, 0,
    0, 0, 0, 0, 0, 0, 0, 0,
    0, 0, 0, 0, -7, 0, 0, 0,
    -8, 0, -8, -6, -7, -13, -4, 0,
    0, 0, 0, 0, 0, 0, 0, 0,
    -4, 0, -2, -3, 0, 0, 0, 0,
    0, 0, 0, 0, 0, 0, 0, 0,
    0, -7, 0, 0, -4, 0, 0, 0,
    -7, -4, -4, 0, 0, 0, 0, 0,
    0, 0, 0, 0, -7, -7, -4, 0,
    0, 0, 0, 0, 0, 0, 0, 0,
    0, 0, 0, 0, -11, 0, -21, 0,
    -11, 0, -12, -6, -18, -18, -12, 0,
    0, 0, 0, 0, 0, 0, 0, 0,
    0, 0, 0, -4, -7, 0, 0, 0,
    0, 0, 0, 0, 0, 0, 0, 0,
    0, -5, 0, 0, 0, 0, 0, 0,
    0, 0, 0, 0, 0, 0, 0, 0,
    0, 0, 0, 0, -4, -5, 0, 0,
    -10, 0, 0, 0, 0, 0, 0, 0,
    0, 0, 0, 0, -22, 0, -38, -5,
    0, 0, 0, 0, -7, 0, 0, -22,
    -9, 0, 0, 0, 0, 0, 0, -7,
    -4, -4, -14, -4, 0, 0, 0, 0,
    0, 0, 0, 0, 0, 0, 0, 0,
    -8, 0, 0, 0, -11, 0, -14, -6,
    -10, -22, -4, 0, 0, 0, 0, 0,
    0, -3, 0, 0, -9, -11, -7, 0,
    0, 0, 0, 0, 0, 0, 0, 0,
    0, 0, 0, 0, 0, 0, 0, 0,
    0, 0, 0, 0, -6, 0, 0, 0,
    0, 0, 0, 0, 0, 0, 0, 0,
    0, 0, 0, 0, -14, 0, 0, 0,
    0, 0, 0, 0, 0, 0, 0, 0,
    0, -22, -17, -11, 0, -18, 0, 0,
    0, 0, 0, -11, -19, 0, 0, 0,
    0, -4, -17, -18, -28, -22, 0, 0,
    0, 0, 0, 0, 0, 0, 0, 0,
    0, 0, 0, 0, 0, -14, 0, 0,
    -48, -7, -42, -29, 0, -49, 0, 0,
    0, -7, 0, 0, 0, 0, -14, -8,
    -28, -18, 0, 0, -14, 0, 0, 0,
    0, 0, 0, 0, 0, 0, 0, 0,
    -30, 0, -58, 0, -7, 0, -9, -7,
    -14, -11, -7, -19, -18, 0, 0, 0,
    0, -13, 0, -14, 0, 0, 0, 0,
    0, 0, 0, 0, 0, 0, 0, 0,
    0, 0, 0, 0, -10, 0, 0, 0,
    -11, 0, -8, -8, -15, -18, -4, 0,
    0, 0, 0, 0, 0, 0, 0, 0,
    0, 0, 0, 0, -5, 0, 0, 0,
    0, 0, 0, 0, 0, 0, 0, 0,
    0, -2, -10, 0, -7, 0, -6, -4,
    0, -12, 0, -5, -7, 0, 0, 0,
    0, 0, 0, -7, 0, 0, 0, 0,
    0, 0, 0, 0, 0, 0, 0, 0,
    0, 0, 0, 0, 0, 0, 0, 0,
    -8, 0, -4, 0, -10, -4, 0, 0,
    0, 0, 0, 0, 0, 0, 0, 0,
    -7, -7, -4, -5, -21, 0, 0, 0,
    0, 0, 0, 0, 0, 0, 0, 0,
    -47, -11, -56, -9, 0, 0, 0, 0,
    -10, 0, 0, -35, -35, -18, 0, 0,
    -32, -46, -7, -35, -39, -35, -38, -40,
    0, 0, 0, 0, 0, 0, 0, 0,
    0, 0, 0, 0, -6, 0, -8, 0,
    0, 0, 0, 0, -6, 0, 0, 0,
    0, 0, 0, 0, 0, 0, 0, 0,
    0, 0, 0, 0, -24, 0, 0, 0,
    0, 0, 0, 0, 0, 0, 0, 0,
    -38, -12, -56, -4, 0, 0, 0, 0,
    0, 0, 0, -30, -28, -12, 0, 0,
    -28, -26, -7, -26, -11, -11, -14, -15,
    -13, 0, 0, 0, 0, 0, 0, 0,
    0, 0, 0, 0, -26, -6, -32, -2,
    0, 0, 0, 0, 0, 0, 0, -18,
    -15, -7, 0, 0, -17, -17, -4, -15,
    -11, -11, -14, -14, -7, 0, 0, 0,
    0, 0, 0, 0, 0, 0, 0, 0,
    0, -18, 0, -5, -10, -6, 0, 0,
    0, 0, 0, -3, -13, -7, 0, -2,
    -6, -11, -18, -15, -29, -25, 0, 0,
    -28, 0, 0, 0, 0, 0, 0, 0,
    0, 0, 0, 0, -41, -18, -60, -11,
    0, 0, 0, 0, 0, 0, 0, -54,
    -50, -18, 0, 0, -52, -45, -21, -50,
    -35, -34, -36, -39, -14, 0, 0, 0,
    0, 0, 0, 0, 0, 0, 0, 0,
    0, -18, 0, 0, 0, -6, 0, 0,
    0, 0, 0, 0, -6, 0, 0, 0,
    0, 0, -10, -11, -15, -14, 0, 0,
    0, 0, 0, 0, 0, 0, 0, 0,
    0, 0, 0, 0, 0, 0, 0, 0,
    0, 0, 0, 0, 0, 0, 0, 0,
    0, 0, 23, 0, 0, 0, 0, 0,
    0, 0, 0, 0, 0, 0, 0, 0,
    0, 0, 0, 0, 0, 0, 0, 0,
    0, 0, 0, 0, -35, 0, -30, -18,
    -6, -55, 0, 0, 0, 0, 0, 0,
    0, 0, 0, 0, -1, -2, -3, 0,
    0, 0, 0, 0, 0, 0, 0, 0,
    0, 0, 0, 0, -6, 0, 0, 0,
    -35, 0, -28, -15, -13, -50, -4, 0,
    0, 0, 0, 0, 0, 0, 0, 0,
    -5, -4, -12, -2, 0, 0, 0, 0,
    0, 0, 0, 0, 0, 0, 0, 0,
    0, 0, 0, 0, -35, 0, -16, -12,
    -6, -42, 0, 0, 0, 0, 0, 0,
    0, 0, 0, 0, -3, 0, -7, 0,
    0, 0, 0, 0, 0, 0, 0, 0,
    0, 0, 0, 0, 0, 0, 0, 0,
    -35, 0, -22, -12, -11, -40, 0, 0,
    0, 0, 0, 0, 0, 0, 0, 0,
    -3, -2, -6, 0, -11, 0, 0, 0,
    0, 0, 0, 0, 0, 0, 0, 0,
    -20, 0, -25, 0, 0, 0, 0, 0,
    0, 0, 0, -6, -6, 0, 0, 0,
    0, -5, 0, -3, 0, 0, 0, 0,
    0, 0, 0, 0, 0, 0, 0, 0,
    0, 0, 0, 0, 0, 0, 0, 0,
    -32, 0, -28, -19, 0, -49, 0, 0,
    0, 0, 1, 0, 0, 0, 0, 0,
    0, 0, 0, 0, -5, 0, 0, 0,
    0, 0, 0, 0, 0, 0, 0, 0,
    0, -7, 0, 0, -52, -4, -17, -11,
    0, -28, 0, -3, -6, 0, 0, -1,
    0, -4, -3, -5, 0, 0, 0, 0,
    -5, 0, 0, 0, 0, 0, 0, 0,
    0, 0, 0, 0, 0, -4, 0, 0,
    0, 0, 0, 0, 0, 0, 0, 0,
    0, 0, 0, 0, 0, 0, 0, -2,
    -2, -2, 0, 0, -18, 0, 0, 0,
    0, 0, 0, 0, 0, 0, 0, 0,
    0, 0, 0, 0, -32, 0, 0, 0,
    -28, -25, -18, -4, -5, 0, 0, 0,
    0, -3, 0, -6, 0, 0, 0, 0,
    0, 0, 0, 0, 0, 0, 0, 0,
    0, 0, 0, 0, 0, 0, 0, 0,
    -44, 0, -18, -14, -11, -42, 0, 0,
    0, 0, 0, 0, 0, 0, 0, 0,
    0, 0, -8, 0, 0, 0, 0, 0,
    0, 0, 0, 0, 0, 0, 0, 0,
    0, 0, 0, 0, -7, 0, -8, -4,
    0, -18, 0, 0, -2, 0, 0, 0,
    0, -2, 0, -1, 0, 0, 0, 0,
    -14, 0, 0, 0, 0, 0, 0, 0,
    0, 0, 0, 0, -17, 0, -32, 0,
    -39, 0, -11, -11, -29, -35, -18, -2,
    -5, 0, 0, 0, 0, -3, 0, 0,
    0, 0, 0, 0, -8, 0, 0, 0,
    0, 0, 0, 0, 0, 0, 0, 0,
    -9, 0, -25, 0, -35, 0, -11, -11,
    -25, -34, -14, -3, -4, 0, 0, 0,
    0, -2, 0, 0, 0, 0, 0, 0,
    -5, 0, 0, 0, 0, 0, 0, 0,
    0, 0, 0, 0, 0, -4, 0, 0,
    -38, 0, -14, -14, 0, -36, 0, -5,
    -12, 0, 0, -4, 0, -8, 0, -5,
    0, 0, 0, 0, -11, 0, 0, 0,
    0, 0, 0, 0, 0, 0, 0, 0,
    0, -11, 0, 0, -39, 0, -11, -16,
    0, -38, 0, -1, -6, 0, 0, 0,
    0, -2, 0, -2, 0, 0, 0, 0
};

/*Collect the kern class' data in one place*/
static const lv_font_fmt_txt_kern_classes_t kern_classes =
{
    .class_pair_values   = kern_class_values,
    .left_class_mapping  = kern_left_class_mapping,
    .right_class_mapping = kern_right_class_mapping,
    .left_class_cnt      = 48,
    .right_class_cnt     = 36,
};

/*--------------------
 *  ALL CUSTOM DATA
 *--------------------*/

#if LVGL_VERSION_MAJOR == 8
/*Store all the custom data of the font*/
static  lv_font_fmt_txt_glyph_cache_t cache;
#endif

#if LVGL_VERSION_MAJOR >= 8
static const lv_font_fmt_txt_dsc_t font_dsc = {
#else
static lv_font_fmt_txt_dsc_t font_dsc = {
#endif
    .glyph_bitmap = glyph_bitmap,
    .glyph_dsc = glyph_dsc,
    .cmaps = cmaps,
    .kern_dsc = &kern_classes,
    .kern_scale = 16,
    .cmap_num = 2,
    .bpp = 8,
    .kern_classes = 1,
    .bitmap_format = 0,
#if LVGL_VERSION_MAJOR == 8
    .cache = &cache
#endif

};



/*-----------------
 *  PUBLIC FONT
 *----------------*/

/*Initialize a public general font descriptor*/
#if LVGL_VERSION_MAJOR >= 8
const lv_font_t misan_22_data = {
#else
lv_font_t misan_22_data = {
#endif
    .get_glyph_dsc = lv_font_get_glyph_dsc_fmt_txt,    /*Function pointer to get glyph's data*/
    .get_glyph_bitmap = lv_font_get_bitmap_fmt_txt,    /*Function pointer to get glyph's bitmap*/
    .line_height = 25,          /*The maximum line height required by the font*/
    .base_line = 5,             /*Baseline measured from the bottom of the line*/
#if !(LVGL_VERSION_MAJOR == 6 && LVGL_VERSION_MINOR == 0)
    .subpx = LV_FONT_SUBPX_NONE,
#endif
#if LV_VERSION_CHECK(7, 4, 0) || LVGL_VERSION_MAJOR >= 8
    .underline_position = -2,
    .underline_thickness = 1,
#endif

#if LV_VERSION_CHECK(9, 3, 0)
    .static_bitmap = 1,    /*Bitmaps are stored as const so they are always static if not compressed */
#endif

    .dsc = &font_dsc,          /*The custom font data. Will be accessed by `get_glyph_bitmap/dsc` */
#if LV_VERSION_CHECK(8, 2, 0) || LVGL_VERSION_MAJOR >= 9
    .fallback = NULL,
#endif
    .user_data = NULL,
};



#endif /*#if MISAN_22_DATA*/
